species,a.10.5,b.5.0,c.0.-5,d.-5.-10,e.-10.-15,f.-15.-20,g.-20.-25
Abatia parviflora,1400,1600,2600,800,N/A,N/A,N/A
Acalypha cuneata,1100,1300,1500,1700,1100,400,N/A
Acalypha diversifolia,2100,2700,3700,1800,1700,1700,800
Acalypha macrostachya,2300,2400,1300,1500,2100,2400,N/A
Achatocarpus nigricans,600,800,N/A,N/A,N/A,1100,N/A
Aegiphila alba,1600,2100,2500,0,N/A,N/A,N/A
Aegiphila bogotensis,700,1100,2600,N/A,N/A,N/A,N/A
Aegiphila cuatrecasasii,0,400,1000,N/A,0,N/A,N/A
Aegiphila integrifolia,1800,1700,1500,3000,1800,2000,N/A
Aegiphila panamensis,1500,400,1900,500,300,N/A,N/A
Aequatorium jamesonii,0,300,1000,N/A,N/A,N/A,N/A
Ageratina tinifolia,2600,1500,0,N/A,N/A,N/A,N/A
Agouticarpa williamsii,700,2000,1000,N/A,0,N/A,N/A
Aiouea dubia,2000,1700,800,N/A,0,N/A,N/A
Aiphanes horrida,1500,1100,0,100,1600,800,N/A
Albizia carbonaria,1400,400,N/A,N/A,2000,N/A,N/A
Albizia subdimidiata,0,500,N/A,0,0,100,N/A
Alchornea acutifolia,1300,400,0,1600,100,N/A,N/A
Alchornea bogotensis,100,900,400,N/A,N/A,N/A,N/A
Alchornea brittonii,0,0,0,N/A,1600,1600,N/A
Alchornea coelophylla,1600,1500,1400,N/A,0,0,N/A
Alchornea glandulosa,2300,2200,2500,2200,3000,2200,N/A
Alchornea grandiflora,1700,1700,1200,1800,2200,600,N/A
Alchornea grandis,700,1400,1300,300,900,0,N/A
Alchornea latifolia,2100,2300,1900,800,1200,1700,N/A
Alchornea triplinervia,2100,3800,2000,1900,2300,2100,N/A
Alchorneopsis floribunda,3700,400,600,500,600,N/A,N/A
Allophylus edulis,0,N/A,N/A,0,400,1900,1700
Allophylus excelsus,1700,2300,1500,N/A,100,0,N/A
Allophylus floribundus,0,2100,1900,2400,2000,1800,N/A
Allophylus psilospermus,900,N/A,900,N/A,N/A,500,N/A
Allophylus punctatus,0,0,1800,2100,1800,1900,N/A
Alnus acuminata,2000,2800,2400,3400,2000,3000,1600
Ciliosemina pedunculata,1200,1000,500,1000,N/A,N/A,N/A
Cinchona macrocalyx,0,N/A,1100,600,900,0,N/A
Cinchona officinalis,1400,300,1600,0,1500,1100,N/A
Cinchona pubescens,2500,1800,2000,2200,2600,2700,N/A
Cissus trianae,1500,600,800,1600,1500,1000,N/A
Citronella incarum,1000,2300,2500,2700,2900,400,N/A
Citrus X aurantium,600,1500,2000,1100,100,0,500
Citrus limon,1200,1500,0,1100,N/A,N/A,N/A
Clarisia biflora,1000,1700,1600,2000,2800,1300,N/A
Clarisia racemosa,900,1100,1200,800,1200,1100,N/A
Clethra fagifolia,2700,2500,1400,N/A,N/A,0,N/A
Clethra fimbriata,1800,1100,2500,1300,0,600,N/A
Clethra ovalifolia,400,900,1800,1300,N/A,N/A,N/A
Clethra revoluta,2900,1200,1600,1500,2500,1200,N/A
Clitoria arborea,0,0,800,2000,600,100,N/A
Clusia alata,3000,1700,1600,200,900,N/A,N/A
Clusia crenata,1000,700,600,0,N/A,N/A,N/A
Clusia cuneifolia,1900,0,1300,N/A,N/A,N/A,N/A
Clusia decussata,2200,1700,900,0,0,N/A,N/A
Clusia dixonii,900,1400,900,N/A,N/A,N/A,N/A
Clusia ducu,600,1900,1300,700,800,1000,N/A
Clusia ducuoides,1500,2000,2300,1300,1000,0,N/A
Clusia elliptica,2300,400,1300,1500,1500,1300,N/A
Clusia flavida,1900,700,2000,1500,1200,300,N/A
Clusia hammeliana,1200,1300,1200,500,1400,400,N/A
Clusia haughtii,1200,1500,600,300,600,1100,N/A
Clusia hydrogera,800,800,1200,N/A,N/A,N/A,N/A
Clusia lineata,2100,2100,1900,700,0,N/A,N/A
Clusia minor,1900,1900,1300,2000,900,0,N/A
Clusia mocoensis,1700,1800,1200,N/A,N/A,N/A,N/A
Clusia multiflora,2400,2800,2400,800,2600,1600,N/A
Clusia octandra,400,1300,1500,700,0,N/A,N/A
Clusia palmicida,1300,900,0,0,N/A,N/A,N/A
Clusia penduliflora,500,N/A,1500,0,0,1000,N/A
Clusia schomburgkiana,2100,2600,0,200,N/A,N/A,N/A
Clusia sphaerocarpa,0,1700,2400,1400,1500,2400,N/A
Clusia thurifera,1500,0,1000,200,700,N/A,N/A
Clusia trochiformis,1600,400,1000,1200,2900,1600,N/A
Coccoloba acuminata,500,400,0,100,400,0,N/A
Coccoloba ascendens,200,200,N/A,0,N/A,N/A,N/A
Coccoloba coronata,1200,N/A,200,200,0,0,0
Coccoloba densifrons,300,300,900,200,100,N/A,N/A
Coccoloba excelsa,100,800,N/A,N/A,0,N/A,N/A
Coccoloba lehmannii,0,N/A,500,N/A,0,0,N/A
Coccoloba mollis,500,400,900,1500,1500,1300,N/A
Coccoloba obovata,1200,300,300,N/A,N/A,0,N/A
Cochlospermum orinocense,900,400,N/A,100,400,N/A,N/A
Coffea arabica,1600,1900,2000,1300,1900,1500,N/A
Conceveiba terminalis,0,100,0,N/A,800,N/A,N/A
Condaminea corymbosa,1400,1800,2200,1900,2400,2400,N/A
Cordia alliodora,1700,3300,2000,2600,1800,1400,1300
Cordia bicolor,1200,200,N/A,200,1500,1000,N/A
Cordia bogotensis,1900,1100,0,N/A,N/A,N/A,N/A
Cordia dwyeri,700,300,0,N/A,N/A,N/A,N/A
Cordia nodosa,1300,1200,1200,1500,3400,1200,N/A
Cordia panamensis,1600,1400,0,N/A,0,N/A,N/A
Cordiera myrciifolia,900,100,N/A,N/A,500,N/A,N/A
Cornus peruviana,700,1500,2100,1300,1800,700,N/A
Cornutia pyramidata,500,1500,1800,600,1000,0,N/A
Cosmibuena grandiflora,1100,1300,900,1700,1600,1600,N/A
Couma macrocarpa,700,700,500,400,500,N/A,N/A
Couratari guianensis,800,500,200,100,600,N/A,N/A
Couroupita guianensis,100,400,400,200,100,N/A,N/A
Coussapoa contorta,900,900,1000,N/A,N/A,N/A,N/A
Coussapoa crassivenosa,400,800,1300,N/A,0,0,N/A
Coussapoa herthae,1000,500,700,0,N/A,N/A,N/A
Coussapoa villosa,1800,1500,1800,2000,1700,100,N/A
Coussarea hirticalyx,0,700,400,800,100,N/A,N/A
Coussarea klugii,0,0,1000,700,0,N/A,N/A
Coussarea paniculata,1900,1300,1300,1100,1400,700,N/A
Coutarea hexandra,1100,700,700,600,1100,1300,1700
Crepidospermum rhoifolium,1000,600,500,0,N/A,N/A,N/A
Croton argenteus,0,N/A,N/A,N/A,N/A,300,0
Croton gossypiifolius,1100,800,0,N/A,N/A,N/A,N/A
Croton lechleri,0,1100,2200,1700,2200,1200,200
Croton mutisianus,1900,1700,1300,N/A,N/A,N/A,N/A
Croton schiedeanus,1100,800,1000,1100,400,N/A,N/A
Cuatresia cuspidata,100,100,700,0,N/A,N/A,N/A
Cuatresia riparia,1900,1600,2100,0,0,N/A,N/A
Cupania americana,1200,1600,0,0,2200,N/A,N/A
Cupania cinerea,1500,3400,1800,700,1500,1300,N/A
Cupania latifolia,2200,1600,1400,2500,1300,1200,N/A
Cupania scrobiculata,1600,1300,N/A,600,600,N/A,N/A
Curatella americana,900,600,N/A,200,1600,100,N/A
Cyathea andina,800,900,N/A,N/A,1300,400,N/A
Cyathea bipinnatifida,500,1400,1700,2500,2800,800,N/A
Cyathea caracasana,1600,2100,1800,400,1400,0,N/A
Cyathea conjugata,1300,1300,900,1000,2000,600,N/A
Cyathea delgadii,1300,1900,2100,1900,2600,1800,N/A
Cyathea divergens,1200,1100,0,N/A,1300,N/A,N/A
Cyathea fulva,1200,1500,1600,N/A,0,N/A,N/A
Cyathea kalbreyeri,600,N/A,400,0,1200,N/A,N/A
Cyathea lechleri,0,1400,1100,2200,2900,1100,N/A
Cyathea lindeniana,900,1300,N/A,1600,1700,N/A,N/A
Cyathea meridensis,1800,1300,1100,800,800,N/A,N/A
Cyathea multiflora,700,800,1500,N/A,700,500,N/A
Cyathea nigripes,100,700,900,N/A,N/A,N/A,N/A
Cyathea pallescens,0,1500,1700,500,700,1900,N/A
Cyathea pauciflora,1100,N/A,0,0,N/A,N/A,N/A
Cyathea pilosissima,400,400,1600,1400,2200,N/A,N/A
Cyathea pungens,1200,1400,1500,1600,1400,1200,N/A
Cyathea squamipes,600,1300,1600,2200,2700,2100,N/A
Cybianthus humilis,200,0,600,N/A,N/A,N/A,N/A
Cybianthus marginatus,2200,1100,2100,1800,800,N/A,N/A
Cybianthus pastensis,2000,2400,1300,600,1700,N/A,N/A
Cybianthus poeppigii,1500,1600,1200,0,600,0,N/A
Cybianthus schlimii,1100,1300,500,0,N/A,N/A,N/A
Cybianthus venezuelanus,2000,1500,1400,N/A,1300,1200,N/A
Cynometra bauhiniifolia,100,N/A,0,0,N/A,N/A,N/A
Cynophalla flexuosa,600,300,900,800,200,1300,500
Dacryodes belemensis,0,N/A,0,0,0,300,N/A
Dacryodes peruviana,300,300,1200,200,0,N/A,N/A
Delostoma integrifolium,600,1000,2200,1600,800,N/A,N/A
Dendrobangia boliviana,1100,1200,1300,1500,1500,N/A,N/A
Dendropanax arboreus,2400,1700,1500,N/A,1600,1900,N/A
Dendropanax caucanus,700,1600,1200,0,N/A,N/A,N/A
Dendropanax macrophyllus,600,800,0,N/A,N/A,N/A,N/A
Dialium guianense,900,800,400,N/A,300,N/A,N/A
Dicksonia karsteniana,0,1300,0,0,800,200,N/A
Dicksonia sellowiana,2200,2200,2700,1500,2300,1200,N/A
Dictyocaryum lamarckianum,1000,400,1200,0,800,1000,N/A
Dieffenbachia seguine,1000,1100,900,N/A,0,N/A,N/A
Dimorphandra macrostachya,100,400,0,N/A,N/A,N/A,N/A
Dioicodendron dioicum,1700,800,1600,2300,2000,0,N/A
Diospyros artanthifolia,1000,N/A,500,600,900,N/A,N/A
Discophora guianensis,1300,1300,900,1300,1300,N/A,N/A
Doliocarpus dentatus,900,1300,700,800,1500,1300,N/A
Drimys granadensis,2000,1100,1600,900,N/A,N/A,N/A
Dunalia solanacea,2200,1700,1900,N/A,N/A,N/A,N/A
Duroia hirsuta,1200,1300,1000,1300,400,N/A,N/A
Dussia lehmannii,1100,1700,500,N/A,N/A,N/A,N/A
Dussia tessmannii,100,1800,2000,1600,2000,N/A,N/A
Dystovomita paniculata,600,0,1200,300,800,N/A,N/A
Ecclinusa lanceolata,100,0,400,200,900,N/A,N/A
Ecclinusa ramiflora,0,0,300,N/A,0,N/A,N/A
Elaeagia karstenii,1700,1400,2100,N/A,0,0,N/A
Elaeagia mariae,700,1600,1600,2000,2300,1900,N/A
Elaeagia myriantha,100,700,1200,1200,500,N/A,N/A
Elaeagia pastoensis,1000,1700,1500,1000,800,N/A,N/A
Elaeagia utilis,1400,1500,1900,1500,1500,N/A,N/A
Endlicheria gracilis,0,500,100,1000,400,N/A,N/A
Endlicheria griseo-sericea,400,100,1600,1900,1300,N/A,N/A
Endlicheria griseosericea,400,100,1600,1900,1300,N/A,N/A
Endlicheria metallica,500,0,1500,2000,700,900,N/A
Endlicheria pyriformis,0,1100,1300,300,1000,N/A,N/A
Endlicheria sericea,0,500,2000,N/A,200,0,N/A
Entada gigas,1100,0,200,N/A,N/A,N/A,N/A
Enterolobium cyclocarpum,800,700,0,N/A,0,N/A,300
Enterolobium schomburgkii,300,600,N/A,N/A,700,N/A,N/A
Eriotheca globosa,900,N/A,N/A,N/A,900,0,N/A
Erythrina berteroana,900,N/A,N/A,0,0,N/A,N/A
Erythrina edulis,1500,1900,2500,2100,2000,N/A,N/A
Erythrina poeppigiana,1500,1600,1200,1300,2100,1900,N/A
Erythroxylum citrifolium,1900,1500,2100,900,1400,1200,0
Erythroxylum gracilipes,700,500,1300,0,800,0,N/A
Erythroxylum macrophyllum,1700,1600,2100,1300,1800,1600,0
Escallonia myrtilloides,1000,1700,2200,2000,1900,2100,N/A
Escallonia paniculata,2000,1400,1300,1500,1600,2000,0
Escallonia pendula,1300,100,1000,1400,800,N/A,N/A
Eschweilera albiflora,1000,200,0,N/A,900,N/A,N/A
Eschweilera antioquensis,2100,1400,0,N/A,0,N/A,N/A
Eschweilera bracteosa,0,500,200,400,N/A,N/A,N/A
Eschweilera caudiculata,500,2100,1600,N/A,N/A,N/A,N/A
Eschweilera coriacea,900,1300,2000,600,1400,1200,N/A
Eschweilera sessilis,1500,500,100,N/A,N/A,N/A,N/A
Eugenia biflora,1600,1600,1400,500,1600,1500,N/A
Eugenia dittocrepis,400,0,0,N/A,0,N/A,N/A
Eugenia egensis,600,600,1900,2000,1800,2100,N/A
Eugenia feijoi,600,0,700,400,1800,1600,N/A
Eugenia florida,1600,2800,2300,1900,2100,1900,500
Eugenia limbosa,0,N/A,N/A,0,700,700,N/A
Eugenia oerstediana,1100,N/A,0,N/A,0,N/A,N/A
Eugenia uniflora,100,N/A,N/A,N/A,1400,2100,1300
Euphorbia arenaria,1000,600,0,N/A,N/A,N/A,N/A
Euterpe precatoria,1700,1200,1800,1600,2300,1300,N/A
Faramea calyptrata,0,1600,800,N/A,N/A,N/A,N/A
Faramea capillipes,700,600,800,600,1000,700,N/A
Faramea fragrans,900,0,0,N/A,N/A,N/A,N/A
Faramea jasminoides,1100,2000,1400,1500,600,N/A,N/A
Faramea multiflora,1800,2000,1400,2200,2100,1900,N/A
Faramea oblongifolia,1500,1900,1400,N/A,0,N/A,N/A
Faramea occidentalis,1300,1500,500,1100,1800,800,N/A
Faramea quinqueflora,900,1900,2000,0,900,N/A,N/A
Ferdinandusa loretensis,0,300,900,700,600,N/A,N/A
Ficus americana,2200,3800,2100,2300,2800,1600,N/A
Ficus apollinaris,1100,600,600,N/A,800,400,N/A
Ficus brevibracteata,600,1500,1400,N/A,N/A,N/A,N/A
Ficus citrifolia,1900,2000,2100,2000,2300,1100,600
Ficus crassiuscula,400,100,N/A,0,400,0,N/A
Ficus crocata,0,0,0,0,900,0,N/A
Ficus cuatrecasana,1000,1500,1800,0,1300,0,0
Ficus cuatrecasasiana,700,2100,2000,1500,2000,1700,300
Ficus donnell-smithii,3400,N/A,600,300,1000,N/A,N/A
Ficus dulciaria,900,200,100,N/A,N/A,N/A,N/A
Ficus eximia,800,N/A,N/A,200,1600,1300,0
Ficus gigantosyce,0,200,300,900,800,N/A,N/A
Ficus guianensis,1200,1500,1500,0,2000,1400,N/A
Ficus hartwegii,1800,1200,0,N/A,N/A,N/A,N/A
Ficus insipida,1900,2200,1300,800,2200,2100,N/A
Ficus krukovii,0,100,1300,300,900,N/A,N/A
Ficus lacunata,0,0,0,N/A,N/A,N/A,N/A
Ficus macbridei,1600,1200,1200,100,1100,1000,N/A
Ficus mathewsii,300,200,300,0,600,700,0
Ficus maxima,3400,1700,1700,1900,2900,1600,0
Ficus mutisii,1100,1900,1500,300,1900,0,N/A
Ficus obtusifolia,1300,1200,1900,800,1800,800,N/A
Ficus pallida,1000,3200,N/A,0,0,N/A,N/A
Ficus paraensis,1600,600,1600,800,1400,900,N/A
Ficus pertusa,1200,1300,2000,1700,1600,700,N/A
Ficus popenoei,100,N/A,N/A,0,0,N/A,N/A
Ficus schippii,0,1100,1700,1000,1600,N/A,N/A
Ficus tonduzii,1800,1900,2000,1900,2100,100,N/A
Ficus trianae,800,300,0,N/A,N/A,N/A,N/A
Ficus trigona,600,1800,1600,1700,2800,1600,0
Frangula granulosa,600,1500,1400,1300,800,100,N/A
Frangula sphaerosperma,1500,900,800,N/A,N/A,1500,N/A
Freziera chrysophylla,700,800,N/A,N/A,0,N/A,N/A
Freziera karsteniana,1700,N/A,1200,1400,300,0,N/A
Freziera reticulata,0,800,800,0,0,N/A,N/A
Freziera verrucosa,2200,1600,2300,0,N/A,N/A,N/A
Fusaea longifolia,300,400,400,100,300,100,N/A
Gaiadendron punctatum,2400,2400,3100,3000,2700,2200,N/A
Garcinia macrophylla,1000,1700,1600,900,1400,1100,N/A
Garcinia madruno,1600,1700,900,1100,1800,1100,N/A
Geissanthus ambigua,0,1300,1800,2300,2700,2800,N/A
Geissanthus andinus,800,900,1700,N/A,N/A,N/A,N/A
Alsophila cuspidata,400,1200,1000,1700,1800,1200,N/A
Alsophila engelii,0,500,1600,0,800,N/A,N/A
Alsophila erinacea,800,1800,1600,1700,2400,800,N/A
Alsophila incana,0,600,0,600,1400,1400,800
Alzatea verticillata,300,500,1000,1500,1400,200,N/A
Amaioua guianensis,100,200,0,1000,1400,1200,N/A
Ampelocera edentula,0,300,1000,1500,1300,0,N/A
Amphirrhox longifolia,0,700,0,N/A,N/A,N/A,N/A
Amyris pinnata,1200,800,N/A,1100,N/A,N/A,N/A
Anacardium occidentale,1200,1000,N/A,200,400,N/A,N/A
Anaxagorea brevipes,400,500,400,100,800,N/A,N/A
Andira inermis,1800,800,500,500,1600,100,N/A
Andira surinamensis,200,600,0,200,0,N/A,N/A
Aniba coto,0,500,1100,100,400,2000,N/A
Aniba muca,1000,400,1600,1600,1200,1700,N/A
Aniba panurensis,1200,1700,1800,200,1700,200,N/A
Aniba perutilis,2800,1600,2100,400,1700,700,N/A
Aniba puchury-minor,3400,0,200,100,700,N/A,N/A
Aniba riparia,500,0,2000,100,0,0,N/A
Aniba robusta,1600,1700,N/A,N/A,1100,N/A,N/A
Annona amazonica,0,N/A,0,700,0,N/A,N/A
Annona cherimola,900,1100,1200,1800,1400,400,N/A
Geissanthus longistamineus,700,1300,1400,N/A,2300,100,N/A
Genipa americana,1500,1300,1600,1300,1100,500,N/A
Geonoma deversa,1300,1300,1100,1600,1100,600,N/A
Geonoma orbignyana,2000,1800,2300,2100,1900,1500,N/A
Geonoma undata,2000,2200,2500,1300,2500,1700,N/A
Gloeospermum longifolium,1100,1300,2100,N/A,500,N/A,N/A
Gloeospermum sphaerocarpum,1200,1500,900,900,1000,N/A,N/A
Glossoloma tetragonoides,1600,2400,2400,800,300,N/A,N/A
Gonzalagunia cornifolia,2100,2200,1600,1200,1000,0,N/A
Gonzalagunia dicocca,1400,300,500,0,N/A,N/A,N/A
Gordonia fruticosa,3000,2100,2400,1400,2100,2400,N/A
Goupia glabra,700,300,0,0,0,N/A,N/A
Graffenrieda cucullata,800,1500,1400,2100,1500,1100,N/A
Graffenrieda emarginata,600,0,1600,1700,2300,1700,N/A
Graffenrieda galeottii,1100,N/A,1700,N/A,N/A,0,N/A
Graffenrieda gracilis,900,1700,800,1000,800,1000,N/A
Graffenrieda intermedia,400,900,900,1300,N/A,200,N/A
Guarea cartaguenya,100,1600,400,N/A,N/A,N/A,N/A
Guarea glabra,1800,1900,1600,1700,1000,N/A,N/A
Guarea grandifolia,2100,1900,1200,1100,500,N/A,N/A
Guarea guidonia,1400,1200,1800,1300,1800,1400,N/A
Guarea kunthiana,3000,2600,2600,2300,2500,2100,N/A
Guarea macrophylla,1100,900,1200,2400,2300,2100,N/A
Guarea pterorhachis,100,400,1300,1500,1400,1200,N/A
Guarea purusana,0,200,1600,300,500,0,N/A
Guarea pyriformis,100,0,N/A,0,N/A,N/A,N/A
Guarea silvatica,0,1200,1400,N/A,500,N/A,N/A
Guatteria blepharophylla,1700,1600,1500,700,1800,1900,N/A
Guatteria cargadero,1900,1100,0,N/A,N/A,N/A,N/A
Guatteria goudotiana,2200,1100,0,N/A,N/A,N/A,N/A
Guatteria hirsuta,1900,1600,1900,1600,1900,1900,N/A
Guatteria megalophylla,900,1300,2000,800,600,N/A,N/A
Guatteria pittieri,400,1000,0,N/A,N/A,N/A,N/A
Guatteria punctata,1900,1300,2000,1800,2200,1900,N/A
Guatteria schomburgkiana,0,700,500,N/A,100,0,N/A
Guazuma ulmifolia,3400,1200,1200,1400,2600,2700,N/A
Guettarda aromatica,0,0,600,500,1800,0,N/A
Guettarda crispiflora,1500,2600,1800,1100,2800,1400,N/A
Guettarda dependens,700,600,1100,600,2700,1500,N/A
Guettarda tournefortiopsis,0,0,N/A,300,1800,600,N/A
Gustavia hexapetala,900,700,700,100,100,N/A,N/A
Gustavia poeppigiana,100,900,N/A,N/A,0,N/A,N/A
Gustavia speciosa,1300,0,200,N/A,N/A,N/A,N/A
Handroanthus chrysanthus,1900,1100,2000,1800,800,N/A,0
Handroanthus impetiginosus,0,0,0,200,1000,1600,1000
Handroanthus ochraceus,1200,1300,0,1300,1300,1100,600
Handroanthus serratifolius,200,0,0,700,1100,1100,N/A
Hasseltia floribunda,2000,2300,2100,1800,1600,1700,N/A
Hasseltia lateriflora,0,0,0,N/A,N/A,N/A,N/A
Hebepetalum humiriifolium,0,300,400,500,800,N/A,N/A
Hedyosmum angustifolium,0,N/A,1200,2500,2700,2000,N/A
Hedyosmum cuatrecazanum,1700,1400,1600,1000,2800,700,N/A
Hedyosmum cumbalense,1800,1000,1000,1200,2100,N/A,N/A
Hedyosmum goudotianum,2200,1600,1600,1000,800,N/A,N/A
Hedyosmum maximum,0,N/A,N/A,N/A,500,1800,N/A
Hedyosmum racemosum,2700,2800,2400,2100,2700,3000,N/A
Hedyosmum scaberrimum,1500,700,0,N/A,N/A,N/A,N/A
Hedyosmum sprucei,0,1700,2700,1500,800,N/A,N/A
Hedyosmum translucidum,1500,1600,1100,1100,300,N/A,N/A
Heisteria acuminata,1400,1700,2100,1900,1500,900,N/A
Heisteria latifolia,0,0,800,N/A,N/A,N/A,N/A
Heliconia nigripraefixa,100,200,500,N/A,N/A,N/A,N/A
Helicostylis scabra,0,200,900,0,500,N/A,0
Helicostylis tomentosa,1100,1300,1600,600,1900,1800,N/A
Helicostylis tovarensis,1700,1300,1700,800,1000,1300,N/A
Heliocarpus americanus,2800,2200,2100,2100,2500,1900,400
Henriettea verrucosa,0,1100,800,0,0,0,N/A
Herrania balaensis,0,600,200,N/A,N/A,N/A,N/A
Hesperomeles ferruginea,2100,1300,1900,2500,1700,1900,N/A
Hesperomeles obtusifolia,1700,2000,2300,1900,2100,1500,N/A
Hieronyma alchorneoides,1500,1700,2000,2100,2400,2000,N/A
Hieronyma duquei,800,2200,1700,800,1300,300,N/A
Hieronyma fendleri,1900,1500,1900,500,2200,1800,N/A
Hieronyma macrocarpa,400,2200,1800,0,2000,N/A,N/A
Hieronyma oblonga,2100,1900,2100,2000,2800,2100,N/A
Hieronyma scabrida,1000,1000,1300,N/A,500,N/A,N/A
Hillia parasitica,1100,1600,1600,500,2000,2400,N/A
Himatanthus articulatus,1100,700,1200,500,800,600,N/A
Hippotis albiflora,1600,800,200,0,N/A,N/A,N/A
Hippotis brevipes,1300,N/A,2100,1500,0,N/A,N/A
Hirtella bicornis,400,700,600,300,900,0,N/A
Hirtella mutisii,900,400,600,N/A,N/A,N/A,N/A
Hirtella pilosissima,0,N/A,200,100,900,300,N/A
Hirtella racemosa,700,700,1300,400,800,1300,N/A
Hirtella triandra,1300,100,1100,400,1600,2500,N/A
Hoffmannia longipetiolata,1900,1600,1500,0,N/A,N/A,N/A
Hura crepitans,1400,0,400,1800,1000,500,N/A
Hymenaea courbaril,1400,1700,600,N/A,1100,700,N/A
Hymenaea oblongifolia,300,600,400,700,500,N/A,N/A
Hymenopus heteromorphus,1000,900,1400,0,1300,N/A,N/A
Hyospathe elegans,1500,1500,2100,1600,1900,400,N/A
Hyptidendron arboreum,1400,N/A,300,0,1600,300,N/A
Ilex guayusa,400,500,2500,100,1400,0,N/A
Ilex laurina,2000,700,900,2000,1300,0,N/A
Ilex myricoides,1300,400,1200,N/A,700,100,N/A
Ilex nervosa,1900,1100,1300,1600,1700,700,N/A
Inga acreana,1100,1200,2000,1600,2200,1000,N/A
Inga acrocephala,1300,1400,1100,1500,2000,N/A,N/A
Inga acuminata,600,1100,200,N/A,0,N/A,N/A
Inga alba,1000,800,1500,700,1400,800,N/A
Inga capitata,400,1000,1400,1900,2600,1000,N/A
Inga chartacea,0,1100,1400,300,1200,200,N/A
Inga cinnamomea,700,1400,900,0,600,0,N/A
Inga cocleensis,1500,700,0,N/A,N/A,N/A,N/A
Inga coruscans,1100,2300,1800,100,1100,100,N/A
Inga densiflora,1900,2900,1700,1400,0,200,N/A
Inga edulis,1900,2200,1500,1500,1700,1000,400
Inga heterophylla,1400,200,700,1200,1800,1300,N/A
Inga lallensis,400,0,2200,N/A,0,N/A,N/A
Inga laurina,800,500,2000,0,1400,1100,0
Inga lopadadenia,500,N/A,0,900,200,N/A,N/A
Inga macrophylla,900,200,900,300,1800,1100,0
Inga marginata,1900,1700,2300,2200,2500,1900,1400
Inga multijuga,800,1700,1800,N/A,0,N/A,N/A
Inga multinervis,0,N/A,1200,0,1200,0,N/A
Inga nobilis,2400,1400,2000,2000,2100,2200,N/A
Inga oerstediana,2000,1700,1700,1600,1900,1400,N/A
Inga pezizifera,1700,1100,0,N/A,1400,0,N/A
Inga punctata,2000,1700,1800,1900,2300,1300,N/A
Inga ruiziana,1000,1300,2000,2000,1600,1100,N/A
Inga sapindoides,1400,1700,1500,600,1900,1000,N/A
Inga sertulifera,1200,1200,1300,0,1000,N/A,N/A
Inga spectabilis,1600,1200,2000,0,1800,N/A,N/A
Inga stenoptera,0,1300,1200,2700,1100,N/A,N/A
Inga striata,0,500,1600,1700,2100,2300,N/A
Inga thibaudiana,1300,1000,800,1000,1800,1100,N/A
Inga umbellifera,1200,1200,900,400,1600,1500,N/A
Inga velutina,1000,N/A,1800,N/A,1500,0,N/A
Inga venusta,1300,0,400,0,300,N/A,N/A
Inga vera,1600,1800,200,0,1800,N/A,N/A
Inga villosissima,800,700,1500,N/A,N/A,0,N/A
Iriartea deltoidea,1200,1000,1800,1200,1300,900,N/A
Iryanthera hostmannii,600,300,200,N/A,N/A,N/A,N/A
Iryanthera paraensis,100,100,300,1000,1600,N/A,N/A
Iryanthera ulei,1100,200,600,200,1200,N/A,N/A
Isertia laevis,1700,1200,2000,1400,1800,900,N/A
Jacaranda copaia,1300,1100,1100,2300,1100,500,N/A
Jacaranda glabra,0,500,700,800,2400,1400,N/A
Jacaranda hesperia,1100,500,0,N/A,N/A,N/A,N/A
Jacaranda mimosifolia,100,0,1400,N/A,1200,1800,1500
Jacaranda obtusifolia,500,600,0,N/A,100,N/A,N/A
Jacaratia chocoensis,0,0,N/A,N/A,600,N/A,N/A
Jacaratia digitata,0,1200,1500,700,1200,2100,N/A
Joosia umbellifera,900,1800,1000,100,N/A,0,N/A
Juglans neotropica,2500,2100,1800,1100,2300,700,N/A
Lacistema aggregatum,1400,1800,1200,1300,1700,1600,0
Lacistema nena,0,500,900,600,800,800,N/A
Lacmellea edulis,1300,1200,1600,0,600,N/A,N/A
Lacunaria crenata,200,0,0,N/A,N/A,N/A,N/A
Ladenbergia macrocarpa,2400,1800,1200,400,900,0,N/A
Ladenbergia muzonensis,1500,1500,900,1000,N/A,N/A,N/A
Ladenbergia oblongifolia,2100,2300,2100,1900,1600,2000,N/A
Lafoensia acuminata,900,100,1200,2000,1000,0,N/A
Leonia glycycarpa,300,800,1200,1500,1400,700,N/A
Leucaena trichodes,0,N/A,1300,1500,1700,N/A,N/A
Licania hypoleuca,700,200,700,200,900,N/A,N/A
Licania micrantha,800,600,100,900,600,300,N/A
Licaria applanata,0,1100,1900,N/A,N/A,N/A,N/A
Licaria canella,0,500,2000,2000,1300,0,N/A
Licaria cannella,0,500,2000,2000,1300,0,N/A
Licaria triandra,700,0,1500,900,1100,700,N/A
Lindackeria paludosa,300,800,600,400,500,N/A,N/A
Lippia americana,500,0,0,0,N/A,N/A,N/A
Lonchocarpus sericeus,0,400,N/A,0,N/A,N/A,N/A
Lozanella enantiophylla,1300,1100,2000,1200,1400,800,N/A
Lozania mutisiana,1600,2000,1400,1200,500,N/A,N/A
Luehea seemannii,1200,1000,N/A,N/A,N/A,0,N/A
Lunania parviflora,1000,0,900,2300,800,1700,N/A
Lycianthes inaequilatera,1300,1300,1600,1300,2000,1500,N/A
Lycianthes pauciflora,1600,1500,2000,2200,2200,1700,N/A
Mabea occidentalis,1400,1500,400,N/A,0,N/A,N/A
Machaerium floribundum,900,400,200,200,1400,N/A,N/A
Machaerium hirtum,200,N/A,N/A,N/A,1600,1800,N/A
Macleania rupestris,2400,1700,1900,1100,1700,0,N/A
Maclura tinctoria,1300,1200,1300,1500,3600,1300,1600
Macrocnemum roseum,1800,300,1500,2400,1700,1100,N/A
Macrolobium colombianum,500,1600,700,N/A,N/A,N/A,N/A
Macrolobium gracile,100,600,1500,500,700,N/A,N/A
Malpighia glabra,1300,900,N/A,200,N/A,N/A,N/A
Manilkara bidentata,0,100,700,1800,100,N/A,N/A
Maprounea guianensis,1100,700,0,700,1200,1000,N/A
Maquira guianensis,900,300,900,N/A,800,N/A,N/A
Marcgraviastrum macrocarpum,800,200,N/A,0,1500,N/A,N/A
Margaritaria nobilis,1300,700,2000,1000,1400,1300,N/A
Marila laxiflora,400,1200,0,2300,1100,1000,N/A
Marila podantha,1000,600,200,N/A,N/A,N/A,N/A
Matayba arborescens,900,700,400,200,1000,300,0
Matayba elegans,2300,0,N/A,0,N/A,N/A,N/A
Matayba guianensis,1100,700,N/A,N/A,1600,900,N/A
Matayba peruviana,0,800,0,1700,1000,N/A,N/A
Matayba purgans,500,500,0,200,300,N/A,N/A
Matayba scrobiculata,0,200,N/A,N/A,300,0,N/A
Matisia castano,0,600,400,N/A,N/A,N/A,N/A
Matisia cornu-copiae,0,700,0,N/A,N/A,N/A,N/A
Matisia floccosa,400,900,0,N/A,N/A,N/A,N/A
Matisia idroboi,0,1200,1300,N/A,N/A,N/A,N/A
Mauria ferruginea,1000,0,N/A,1600,2500,0,N/A
Mauria heterophylla,1500,2200,2300,3000,2500,1500,0
Mayna grandifolia,400,N/A,0,1400,N/A,N/A,N/A
Mayna odorata,1300,900,1100,1700,1400,900,N/A
Maytenus verticillata,600,1000,1400,1200,2300,1600,0
Melicoccus oliviformis,300,0,0,0,N/A,N/A,N/A
Meliosma frondosa,1100,1600,2500,2000,2700,800,N/A
Meliosma glossophylla,0,N/A,0,1100,1700,0,N/A
Meliosma occidentalis,600,1500,0,N/A,N/A,N/A,N/A
Annona edulis,900,800,1500,N/A,0,N/A,N/A
Annona jahnii,500,0,0,N/A,N/A,N/A,N/A
Annona montana,800,0,900,200,800,300,N/A
Annona mucosa,1400,1200,1800,1300,2500,1700,N/A
Annona muricata,3400,1300,1200,1000,1100,2000,N/A
Annona papilionella,1300,1600,1600,700,1100,1300,N/A
Annona quinduensis,1900,1700,500,N/A,N/A,N/A,N/A
Annona rensoniana,1600,500,0,N/A,N/A,N/A,N/A
Aparisthmium cordatum,1000,1400,2000,1000,1600,1200,N/A
Apeiba glabra,1000,900,1100,200,800,0,N/A
Apeiba membranacea,900,800,1100,600,900,500,N/A
Apeiba tibourbou,600,200,500,200,800,600,N/A
Aphelandra glabrata,1200,800,N/A,300,600,600,N/A
Aphelandra pulcherrima,1200,800,N/A,0,0,N/A,N/A
Aptandra tubicina,700,N/A,100,100,N/A,N/A,N/A
Ardisia foetida,2900,2400,0,N/A,N/A,N/A,N/A
Ardisia guianensis,2300,1900,1100,900,800,500,N/A
Aspidosperma cuspa,600,600,N/A,0,N/A,N/A,N/A
Aspidosperma desmanthum,1200,1200,1500,300,600,N/A,N/A
Aspidosperma excelsum,200,700,400,700,1000,500,N/A
Aspidosperma megalocarpon,800,1100,0,0,N/A,N/A,N/A
Aspidosperma parvifolium,900,N/A,N/A,1100,1000,0,N/A
Aspidosperma polyneuron,100,0,0,2200,N/A,0,N/A
Aspidosperma spruceanum,1200,1400,300,400,700,700,N/A
Astronium graveolens,1200,500,400,900,1100,700,N/A
Astronium lecointei,500,N/A,N/A,0,1100,0,N/A
Meliosma schlimii,0,N/A,0,0,1300,N/A,N/A
Meliosma vasquezii,0,0,500,0,1100,1700,N/A
Meriania tomentosa,100,1700,1500,900,1100,500,N/A
Miconia affinis,1700,1700,1500,600,1500,2000,N/A
Miconia albicans,1900,1700,100,800,2000,1600,N/A
Miconia alternans,1600,300,N/A,0,0,900,N/A
Miconia aponeura,1100,900,0,N/A,N/A,N/A,N/A
Miconia asperrima,1100,800,1000,300,N/A,N/A,N/A
Miconia astroplocama,700,0,1800,1800,1100,N/A,N/A
Miconia biappendiculata,800,700,N/A,N/A,400,N/A,N/A
Miconia brachycalyx,900,1600,400,N/A,N/A,N/A,N/A
Miconia bracteolata,2300,400,1000,400,200,N/A,N/A
Miconia brevitheca,300,3000,1700,N/A,N/A,N/A,N/A
Miconia calvescens,0,1000,2000,1700,2400,1800,900
Miconia caudata,1600,1900,N/A,N/A,N/A,0,N/A
Miconia centrodesma,1200,1200,1100,500,2300,700,N/A
Miconia chrysophylla,0,400,500,900,1500,1800,N/A
Miconia cladonia,1200,1800,1300,N/A,N/A,N/A,N/A
Miconia decurrens,800,1000,1000,800,0,N/A,N/A
Miconia divergens,0,0,0,N/A,N/A,N/A,N/A
Miconia dodecandra,1400,1500,1800,700,1100,1000,N/A
Miconia dolichorrhyncha,1600,2500,2500,1300,2400,1800,N/A
Miconia donaeana,500,0,N/A,N/A,400,N/A,N/A
Miconia elata,1300,3400,1100,N/A,400,N/A,N/A
Miconia floribunda,1600,1400,1000,200,1400,N/A,N/A
Miconia goniostigma,600,1800,1100,N/A,N/A,N/A,N/A
Miconia gracilis,1900,1800,400,N/A,N/A,N/A,N/A
Miconia ibaguensis,1600,0,N/A,300,1100,2200,N/A
Miconia incachacana,0,N/A,N/A,N/A,100,500,N/A
Miconia jahnii,2700,600,1600,N/A,N/A,N/A,N/A
Miconia lamprophylla,1300,600,1300,0,400,0,N/A
Miconia latifolia,800,3200,1200,900,600,0,N/A
Miconia ligustrina,1100,1500,900,N/A,N/A,N/A,N/A
Miconia longifolia,1600,900,1400,900,1700,0,N/A
Miconia matthaei,1200,0,200,400,1300,800,N/A
Miconia mirabilis,300,500,N/A,N/A,N/A,0,N/A
Miconia multiplinervia,1300,1200,0,N/A,N/A,N/A,N/A
Miconia myriantha,0,200,N/A,200,0,600,N/A
Miconia notabilis,800,1000,0,N/A,N/A,N/A,N/A
Miconia ochracea,500,2800,0,N/A,N/A,N/A,N/A
Miconia poeppigii,700,600,700,200,1400,700,N/A
Miconia prasina,2300,3400,1500,800,1200,2300,N/A
Miconia pterocaulon,500,1200,100,0,0,N/A,N/A
Miconia punctata,1800,1800,2000,1800,1900,1900,N/A
Miconia pustulata,0,1200,700,N/A,N/A,N/A,N/A
Miconia reducens,1900,1400,N/A,0,100,400,N/A
Miconia rupticalyx,0,N/A,300,N/A,N/A,200,N/A
Miconia serrulata,1700,1300,400,400,600,300,N/A
Miconia smaragdina,2100,2000,1300,N/A,N/A,N/A,N/A
Miconia splendens,1300,1300,1100,700,3700,1500,N/A
Miconia ternatifolia,300,0,400,2200,1700,1000,N/A
Miconia theizans,3200,3300,2800,1300,3100,2600,N/A
Miconia tinifolia,1500,1200,1500,N/A,N/A,N/A,N/A
Miconia trinervia,1700,1700,1500,0,600,300,N/A
Micropholis egensis,300,0,400,400,1000,0,N/A
Micropholis guyanensis,1200,1300,1800,900,1500,1200,N/A
Micropholis melinoniana,0,300,400,0,900,N/A,N/A
Micropholis venulosa,800,1300,1600,1400,1400,1100,N/A
Minquartia guianensis,600,1100,1200,1300,1200,N/A,N/A
Mollinedia killipii,0,300,1600,1700,1000,1000,N/A
Mollinedia lanceolata,0,N/A,0,700,2400,1500,N/A
Mollinedia ovata,600,1100,1900,1800,2200,2600,N/A
Mollinedia repanda,0,N/A,1100,2300,2900,2300,N/A
Mollinedia tomentosa,1800,1300,1600,0,0,400,N/A
Monnina aestuans,2300,2500,0,N/A,N/A,N/A,N/A
Morella parvifolia,1400,2200,1300,800,N/A,0,N/A
Morella pubescens,3100,2400,2900,3300,2200,3100,1100
Morisonia oblongifolia,1000,N/A,N/A,0,100,N/A,N/A
Morus alba,1200,0,0,N/A,0,0,0
Mouriri nigra,600,200,300,300,1000,0,N/A
Muntingia calabura,1200,3200,1400,1400,1800,1400,300
Myrcia paivae,1900,3400,2100,1000,2300,2200,N/A
Myrcia paive,1900,3400,2100,1000,2300,2200,N/A
Myrcia splendens,2600,2000,2300,2600,2900,2300,N/A
Myrcia sylvatica,1100,1300,0,1600,2100,600,N/A
Myrcianthes myrsinoides,1200,0,1700,500,100,700,N/A
Myrcianthes orthostemon,1100,900,1700,N/A,N/A,0,N/A
Myrcianthes rhopaloides,1100,1500,2300,1600,1300,1000,N/A
Myriocarpa stipitata,1700,1400,1700,2300,2600,1700,400
Myroxylon balsamum,1300,400,1500,300,1100,1300,0
Myrsine andina,2100,1400,2100,1200,1800,700,N/A
Myrsine coriacea,2800,2700,1900,0,N/A,0,N/A
Myrsine dependens,1000,2500,1900,1800,2600,1600,N/A
Myrsine guianensis,3100,3300,N/A,N/A,N/A,600,N/A
Myrsine latifolia,2000,2000,2100,2300,1700,2600,N/A
Myrsine oligophylla,0,N/A,N/A,1700,1600,0,N/A
Myrsine pellucida,2800,2600,1900,2500,3100,2700,N/A
Naucleopsis glabra,1600,1700,2000,0,600,0,N/A
Naucleopsis naga,600,1100,1400,N/A,0,N/A,N/A
Naucleopsis ulei,300,500,1500,1500,700,0,N/A
Nectandra acutifolia,2000,1600,1300,1800,2000,1500,N/A
Nectandra cuspidata,1600,700,1400,1400,2100,1700,N/A
Nectandra laurel,1000,1500,2000,1500,1400,1300,N/A
Nectandra lineata,1300,1300,1300,200,N/A,0,N/A
Nectandra lineatifolia,300,500,1400,1600,1600,N/A,N/A
Nectandra membranacea,1300,1900,2000,2100,2800,2200,0
Nectandra obtusata,1300,1300,1400,1000,500,0,N/A
Nectandra reticulata,1800,2200,2100,2500,3300,1800,N/A
Neea amplifolia,1300,N/A,N/A,N/A,0,0,N/A
Neea divaricata,1600,1800,900,1400,900,600,N/A
Neea floribunda,0,1300,400,600,1400,400,N/A
Neea parviflora,0,800,500,700,800,N/A,N/A
Neea spruceana,0,700,1300,1300,1100,0,N/A
Neea virens,400,0,1200,1400,800,0,N/A
Norantea guianensis,100,1800,1800,N/A,100,N/A,N/A
Notopleura macrophylla,2500,2700,2400,1900,2500,2200,N/A
Ochroma pyramidale,1600,1700,1500,1500,3200,1200,N/A
Ocotea aciphylla,1400,1300,1900,2400,1900,1700,N/A
Ocotea bofo,1300,500,1700,2300,1500,N/A,N/A
Ocotea cernua,1400,1200,1800,1500,1600,800,N/A
Ocotea floribunda,2200,2700,2400,1400,2500,1200,N/A
Ocotea guianensis,2900,3100,N/A,700,700,300,N/A
Ocotea insularis,1600,2000,1900,1600,500,N/A,N/A
Ocotea javitensis,700,600,2100,1800,1800,N/A,0
Ocotea leucoxylon,1500,1700,1500,1300,1200,N/A,N/A
Ocotea longifolia,2300,1300,1300,1600,1800,1800,N/A
Ocotea micans,1800,0,N/A,0,N/A,N/A,N/A
Ocotea oblonga,1400,1700,1900,1800,1600,1200,N/A
Ocotea puberula,900,100,1800,1300,2800,2800,500
Ocotea sericea,2200,1200,100,N/A,N/A,0,N/A
Ocotea smithiana,1500,1100,600,N/A,N/A,N/A,N/A
Ocotea tessmannii,1400,300,0,1300,700,N/A,N/A
Oenocarpus bacaba,0,100,N/A,N/A,0,N/A,N/A
Oenocarpus bataua,600,800,1200,1200,1100,1000,N/A
Oenocarpus mapora,0,2800,900,900,1900,N/A,N/A
Oenocarpus minor,900,400,300,100,N/A,N/A,N/A
Olmedia aspera,1600,3000,2100,2100,1500,1200,N/A
Oreopanax bogotensis,1700,1400,1500,N/A,N/A,N/A,N/A
Oreopanax capitatus,2200,900,1400,1900,1900,0,N/A
Oreopanax incisus,1700,2200,1500,0,N/A,N/A,N/A
Oreopanax microflorous,0,N/A,1600,N/A,0,N/A,N/A
Oreopanax palamophyllus,0,500,2100,N/A,N/A,N/A,N/A
Ossaea micrantha,2000,1700,1500,0,N/A,N/A,N/A
Osteophloeum platyspermum,100,700,1300,1100,1000,N/A,N/A
Otoba gordoniifolia,300,1400,1600,N/A,N/A,N/A,N/A
Otoba novogranatensis,1500,1600,1600,N/A,N/A,N/A,N/A
Otoba parvifolia,0,1200,1600,2400,1600,700,N/A
Ouratea amplifolia,1100,0,0,200,300,N/A,N/A
Ouratea pendula,0,N/A,100,500,100,N/A,N/A
Palicourea amethystina,700,2700,2600,2300,1800,2100,N/A
Palicourea andaluciana,2100,0,0,0,N/A,N/A,N/A
Palicourea angustifolia,2000,2100,800,400,N/A,N/A,N/A
Palicourea apicata,2100,1900,1300,N/A,0,N/A,N/A
Palicourea calophlebia,0,800,600,N/A,N/A,N/A,N/A
Palicourea demissa,2000,2700,2500,1400,N/A,N/A,N/A
Palicourea garciae,2300,3200,1600,400,300,N/A,N/A
Palicourea guianensis,1700,3400,2000,1600,1800,1600,N/A
Palicourea latifolia,0,100,0,400,800,N/A,N/A
Palicourea luteonivea,0,800,1700,1100,700,0,N/A
Palicourea lyristipula,1200,2100,1300,3000,400,N/A,N/A
Palicourea obovata,0,0,1800,1400,3200,N/A,N/A
Palicourea pyramidalis,700,1800,1600,N/A,N/A,N/A,N/A
Palicourea stipularis,1100,2700,1700,700,1500,1900,N/A
Palicourea sulphurea,2200,1300,400,2000,1400,N/A,N/A
Palicourea thyrsiflora,1300,2200,2500,2700,2000,2300,N/A
Palicourea weberbaueri,700,1800,2200,1500,700,N/A,N/A
Panopsis metcalfii,300,0,500,N/A,N/A,N/A,N/A
Panopsis mucronata,300,N/A,0,N/A,800,N/A,N/A
Panopsis polystachya,400,2100,400,0,N/A,N/A,N/A
Panopsis rubescens,1300,1300,100,N/A,2300,0,N/A
Parathesis adenanthera,600,100,1400,300,1400,700,N/A
Passiflora arborea,1500,2300,100,400,N/A,N/A,N/A
Passiflora macrophylla,100,1300,1800,N/A,N/A,N/A,N/A
Paullinia capreolata,1300,1200,1800,1700,1100,0,N/A
Pausandra trianae,0,300,700,0,600,700,N/A
Peltogyne paniculata,1000,0,N/A,N/A,0,N/A,N/A
Pentacalia theifolia,0,1000,600,N/A,N/A,N/A,N/A
Pentagonia macrophylla,1300,1200,1200,0,0,N/A,N/A
Peperomia elongata,900,600,1400,0,100,900,N/A
Pera arborea,900,1200,N/A,N/A,0,N/A,N/A
Pera glabrata,1100,600,N/A,N/A,100,N/A,N/A
Perebea angustifolia,0,1700,1100,1700,900,N/A,N/A
Perebea guianensis,1600,1100,1300,1100,1500,1900,N/A
Perebea xanthochyma,900,1700,1400,800,1500,N/A,N/A
Perrottetia sessiliflora,400,0,800,400,1100,N/A,N/A
Persea americana,1900,1900,2900,1200,3300,2900,500
Persea areolatocostae,700,1800,1700,1600,2600,1300,N/A
Persea caerulea,1800,1700,1700,1500,3100,2200,N/A
Persea cuneata,800,300,400,0,100,N/A,N/A
Persea ferruginea,500,100,600,100,200,N/A,N/A
Persea mutisii,1100,1800,900,100,200,N/A,N/A
Persea pseudofasciculata,0,500,900,0,1600,1100,N/A
Persea rigens,0,500,1200,N/A,N/A,N/A,N/A
Persea subcordata,700,300,1000,1000,2100,1500,N/A
Petrea pubescens,3500,400,100,0,0,N/A,N/A
Pholidostachys dactyloides,1300,800,500,N/A,N/A,N/A,N/A
Phyllanthus acuminatus,1700,800,0,1100,1200,1200,1500
Phyllanthus attenuatus,1000,1700,1600,N/A,1000,N/A,N/A
Picramnia sellowii,0,1400,2300,1400,2800,2100,N/A
Pinus patula,1300,300,700,N/A,N/A,1900,N/A
Axinaea macrophylla,1100,1400,1700,N/A,N/A,N/A,N/A
Axinaea scutigera,500,0,200,N/A,900,0,N/A
Baccharis brachylaenoides,2200,2200,2100,2500,2100,800,N/A
Baccharis latifolia,2400,3100,3200,2300,2800,3500,700
Baccharis oblongifolia,1800,1800,1100,1500,2200,1300,N/A
Bactris gasipaes,1200,1100,1000,1500,1300,0,N/A
Bactris maraja,700,600,900,300,600,N/A,N/A
Bactris setulosa,1500,700,1400,500,100,N/A,N/A
Banara guianensis,1600,1700,2100,1800,2900,1500,N/A
Batocarpus costaricensis,1100,N/A,100,600,1100,N/A,N/A
Bauhinia picta,2000,900,N/A,N/A,0,100,N/A
Beilschmiedia costaricensis,1100,1900,1400,1700,1900,0,N/A
Beilschmiedia latifolia,500,N/A,0,100,2200,0,N/A
Beilschmiedia pendula,0,N/A,400,1500,0,N/A,N/A
Beilschmiedia tovarensis,600,900,1600,900,2700,1600,N/A
Bejaria aestuans,3100,3400,2100,3300,2800,2400,900
Bejaria resinosa,2000,1700,1900,1300,0,N/A,N/A
Bellucia grossularioides,900,1900,200,0,900,600,N/A
Bellucia pentamera,1500,1100,1500,900,2000,1300,N/A
Bertiera angustifolia,700,500,600,0,800,N/A,N/A
Besleria formosa,1400,2100,1700,N/A,N/A,N/A,N/A
Billia rosea,2500,3600,1400,N/A,N/A,N/A,N/A
Piper aduncum,2300,2200,3000,2900,2200,2600,1000
Piper amalago,900,300,300,2200,1400,1700,1300
Piper arboreum,1600,1400,2100,2400,1300,700,N/A
Piper augustum,1600,2200,2000,900,1000,N/A,N/A
Piper barbatum,1100,1100,1900,2900,200,N/A,N/A
Piper carpunya,1100,1100,2000,1300,0,N/A,N/A
Piper cernuum,2100,1600,0,N/A,N/A,1200,N/A
Piper crassinervium,1200,2000,2100,1200,2600,2200,N/A
Piper glanduligerum,1100,700,0,N/A,N/A,N/A,N/A
Piper grande,500,700,400,100,N/A,N/A,N/A
Piper imperiale,800,1100,1100,N/A,N/A,N/A,N/A
Piper lacunosum,1400,2500,400,N/A,N/A,N/A,N/A
Piper longispicum,1100,200,0,N/A,N/A,N/A,N/A
Piper marequitense,0,600,1600,N/A,N/A,0,N/A
Piper munchanum,1500,N/A,400,1200,N/A,N/A,N/A
Piper nubigenum,0,2500,1400,N/A,N/A,N/A,N/A
Piper obliquum,1400,2000,2200,2600,2100,0,N/A
Piper phytolaccifolium,1900,1000,2600,0,0,N/A,N/A
Piper reticulatum,1300,100,400,600,900,N/A,N/A
Piper tuberculatum,1900,800,600,1700,1000,500,N/A
Piptocoma discolor,2900,1600,2400,1800,0,N/A,N/A
Platymiscium pinnatum,1200,700,200,0,1400,1400,N/A
Platymiscium stipulare,0,0,800,300,700,1000,N/A
Platypodium elegans,700,0,N/A,N/A,N/A,2200,N/A
Pleuranthodendron lindenii,700,600,900,1100,300,N/A,N/A
Pleurothyrium cuneifolium,600,N/A,1000,1400,2200,800,N/A
Pleurothyrium trianae,1200,100,1900,600,1400,700,N/A
Plumeria rubra,1200,0,400,0,N/A,2400,N/A
Podocarpus guatemalensis,100,0,1700,N/A,N/A,N/A,N/A
Podocarpus oleifolius,1900,2800,3100,2800,3000,1600,N/A
Polybotrya polybotryoides,300,1000,1200,0,N/A,N/A,N/A
Posoqueria coriacea,1500,2100,1600,2000,3200,N/A,N/A
Posoqueria latifolia,2000,2400,1600,1300,2300,100,N/A
Potalia amara,400,600,900,1100,1000,N/A,N/A
Poulsenia armata,1800,1700,1100,800,1500,900,N/A
Pourouma bicolor,1400,1000,1600,700,1400,700,N/A
Pourouma cecropiifolia,900,1300,2000,900,1300,1400,N/A
Pourouma guianensis,0,1200,1700,1400,1600,1200,N/A
Pourouma melinonii,1200,0,1600,1300,0,N/A,N/A
Pourouma minor,1300,800,1600,700,3000,1400,N/A
Pouteria baehniana,1400,1500,1900,1200,1000,1800,N/A
Pouteria bangii,0,200,1800,0,1000,800,N/A
Pouteria bilocularis,0,800,1400,1100,1700,1300,N/A
Pouteria caimito,200,1100,2000,1000,1800,2100,N/A
Pouteria cuspidata,800,1400,1500,800,1400,200,N/A
Pouteria durlandii,900,N/A,800,N/A,1000,600,N/A
Pouteria glomerata,400,200,1200,0,1000,200,N/A
Pouteria lucuma,500,1600,2100,1900,1400,N/A,N/A
Pouteria multiflora,1600,1600,1000,100,N/A,N/A,N/A
Pouteria reticulata,0,600,500,400,1000,100,N/A
Pouteria subrotata,100,N/A,0,N/A,N/A,0,N/A
Pouteria torta,2200,3500,1400,2400,1600,1800,N/A
Praecereus euchlorus,600,N/A,1400,0,500,700,0
Prestoea acuminata,1000,2200,1900,1700,1800,1500,N/A
Prestoea decurrens,1000,700,500,N/A,N/A,N/A,N/A
Prestoea ensiformis,100,1200,1800,N/A,0,N/A,N/A
Prionostemma asperum,200,100,N/A,N/A,300,100,N/A
Protium altsonii,0,3300,0,0,700,N/A,N/A
Protium apiculatum,800,700,0,N/A,100,N/A,N/A
Protium aracouchini,900,1300,700,600,800,N/A,N/A
Protium divaricatum,100,0,500,300,1200,N/A,N/A
Protium ecuadorense,200,1700,0,N/A,N/A,N/A,N/A
Protium guianense,0,400,N/A,N/A,0,N/A,N/A
Protium macrophyllum,500,0,N/A,0,0,N/A,N/A
Protium opacum,0,1300,1600,0,700,0,N/A
Protium sagotianum,1000,700,400,300,300,N/A,N/A
Protium spruceanum,600,N/A,300,100,1300,N/A,N/A
Protium subserratum,800,500,1000,800,N/A,N/A,N/A
Protium tenuifolium,1500,600,N/A,500,300,N/A,N/A
Protium unifoliolatum,0,700,400,0,900,100,N/A
Prumnopitys montana,2400,500,1500,1700,1300,0,N/A
Prunus debilis,600,2000,2000,2300,2800,1400,N/A
Prunus integrifolia,1800,1300,0,400,2000,2200,400
Prunus opaca,1400,1100,1200,N/A,N/A,N/A,N/A
Prunus subcorymbosa,0,1300,1100,N/A,1800,N/A,N/A
Psammisia graebneriana,500,1400,100,N/A,N/A,N/A,N/A
Pseudobombax septenatum,1200,200,600,300,1000,700,N/A
Pseudolmedia laevigata,1700,1800,1600,1500,1500,1300,N/A
Pseudolmedia laevis,1000,1200,1600,2400,1800,1400,N/A
Pseudolmedia rigida,0,1800,1800,400,2800,500,N/A
Psidium guineense,2300,2600,1600,1800,1900,2200,800
Psychotria ernestii,0,0,N/A,0,1200,200,N/A
Psychotria fortuita,600,1000,600,400,800,N/A,N/A
Psychotria grandis,0,0,0,N/A,N/A,N/A,N/A
Psychotria horizontalis,1000,0,800,N/A,N/A,N/A,N/A
Psychotria micrantha,2100,1000,700,500,400,N/A,N/A
Psychotria remota,1000,1300,1800,1700,1400,N/A,N/A
Psychotria saltatrix,400,100,100,N/A,N/A,N/A,N/A
Pterocarpus officinalis,1100,N/A,800,N/A,600,N/A,N/A
Pterocarpus rohrii,300,500,900,500,800,200,N/A
Qualea paraensis,100,700,500,300,700,N/A,N/A
Quiina florida,400,700,2000,1000,1300,1100,N/A
Quiina macrophylla,0,200,0,N/A,N/A,N/A,N/A
Quiina pteridophylla,300,0,N/A,0,N/A,N/A,N/A
Randia armata,1900,800,2100,700,3200,2100,800
Rauvolfia leptophylla,2100,600,1300,N/A,900,200,N/A
Retrophyllum rospigliosii,1000,3200,500,500,1600,N/A,N/A
Rhodostemonodaphne kunthiana,1200,900,2000,2000,1700,1500,N/A
Richeria grandis,2100,1700,1800,1300,2000,1700,N/A
Rinorea lindeniana,1000,900,700,200,800,0,N/A
Rinorea paniculata,100,200,N/A,N/A,600,N/A,N/A
Rinorea pubiflora,400,500,N/A,400,400,0,N/A
Rinorea viridifolia,400,300,900,1400,1200,700,N/A
Rinoreocarpus ulei,0,100,N/A,N/A,1000,N/A,N/A
Ronabea latifolia,1000,1000,700,800,1200,400,N/A
Roucheria columbiana,600,100,500,200,300,N/A,N/A
Roucheria laxiflora,700,1100,600,400,100,500,N/A
Roupala monosperma,1000,1200,2000,1200,1500,300,N/A
Roupala montana,2200,1200,2100,1300,2200,1700,600
Ruagea glabra,1900,2700,2400,2200,3100,1000,N/A
Ruagea hirsuta,1800,600,2500,1100,1000,1400,N/A
Ruagea pubescens,1000,1100,1300,0,800,N/A,N/A
Rudgea cornifolia,700,1500,1000,1700,1800,1400,N/A
Ryania spruceana,300,100,200,400,N/A,N/A,N/A
Salacia cordata,0,1700,1700,1700,1500,N/A,N/A
Sambucus nigra,2100,2000,1600,N/A,N/A,2200,0
Sapindus saponaria,1600,1700,1500,1600,2200,2400,N/A
Sapium glandulosum,2100,3800,1900,2000,2400,2500,2300
Sapium laurifolium,1200,1700,1400,300,1700,0,N/A
Sapium marmieri,0,300,1900,600,700,2100,N/A
Sapium stylare,3000,2700,1500,200,0,N/A,N/A
Sarcaulus brasiliensis,0,0,900,600,1600,300,N/A
Saurauia bullosa,0,1500,1900,300,N/A,N/A,N/A
Saurauia laevigata,800,0,N/A,N/A,0,N/A,N/A
Saurauia prainiana,700,0,1800,1000,0,N/A,N/A
Saurauia tomentosa,700,1400,1800,N/A,N/A,N/A,N/A
Schizocalyx bracteosa,1200,1400,200,N/A,N/A,N/A,N/A
Schizolobium parahyba,800,N/A,500,100,400,300,N/A
Schnella glabra,500,500,100,400,1300,0,N/A
Senegalia polyphylla,700,800,900,500,1100,1400,N/A
Senegalia riparia,1000,900,200,1300,2900,1700,400
Senna bacillaris,1200,1500,1200,200,0,N/A,N/A
Senna ruiziana,0,0,1500,1300,1500,1000,N/A
Senna silvestris,1200,900,N/A,1000,800,600,N/A
Senna spectabilis,1400,1200,500,N/A,2800,1900,1300
Sideroxylon obtusifolium,0,N/A,N/A,1200,1000,1900,100
Simarouba amara,1700,1300,1500,1500,1800,1300,N/A
Simira cordifolia,600,900,800,300,N/A,N/A,N/A
Simira rubescens,300,0,500,600,800,N/A,N/A
Siparuna aspera,1700,1800,2500,1800,2600,1400,N/A
Siparuna cervicornis,1000,700,400,200,300,N/A,N/A
Siparuna conica,1700,900,100,N/A,N/A,N/A,N/A
Siparuna decipiens,0,100,1300,300,1000,300,N/A
Siparuna echinata,600,1300,1800,N/A,N/A,N/A,N/A
Siparuna gigantotepala,700,1300,0,N/A,N/A,N/A,N/A
Siparuna guianensis,1300,1300,800,700,800,1300,N/A
Siparuna laurifolia,1200,1500,0,200,N/A,N/A,N/A
Siparuna lepidota,900,2000,1700,N/A,N/A,N/A,N/A
Siparuna thecaphora,2100,1700,1800,1700,2500,2100,N/A
Siphoneugena dussii,1200,800,0,600,1400,N/A,N/A
Sisyrinchium micranthum,700,2100,2100,300,1000,2100,1800
Sloanea brevispina,1200,1200,0,0,N/A,N/A,N/A
Sloanea durissima,800,0,2000,100,N/A,N/A,N/A
Sloanea eichleri,0,200,0,0,800,0,N/A
Sloanea fragrans,1100,200,800,2300,1100,1000,N/A
Sloanea guianensis,1200,900,2000,700,1100,1400,N/A
Sloanea latifolia,300,0,0,0,800,N/A,N/A
Sloanea pubescens,0,700,900,1400,1300,700,N/A
Sloanea robusta,0,N/A,100,0,200,N/A,N/A
Sloanea rufa,1100,0,1200,800,1900,1300,N/A
Sloanea terniflora,0,N/A,0,200,900,N/A,N/A
Sloanea tuerckheimii,1800,N/A,400,1500,1000,900,N/A
Socratea exorrhiza,3600,900,900,400,2300,1100,N/A
Socratea rostrata,500,700,1300,400,N/A,N/A,N/A
Solanum anceps,1200,1700,2100,2500,2900,2200,N/A
Solanum aphyodendron,1300,2700,2400,1400,2300,2000,0
Solanum arboreum,1900,1000,0,N/A,N/A,N/A,N/A
Solanum asperolanatum,2500,2800,2400,2300,2500,2300,N/A
Solanum hypaleurotrichum,700,2900,1600,N/A,0,N/A,N/A
Solanum lepidotum,1600,2200,1900,1700,500,N/A,N/A
Solanum nutans,0,800,2100,2000,2800,1800,400
Solanum oblongifolium,1300,1400,2100,1200,N/A,N/A,N/A
Solanum umbellatum,1100,1100,700,N/A,0,N/A,N/A
Sorocea pubivena,1500,1300,1500,1000,1100,N/A,N/A
Sorocea sprucei,500,800,N/A,200,200,1200,N/A
Sorocea steinbachii,0,600,1600,300,2600,1000,N/A
Sorocea trophoides,1000,1200,1400,1600,N/A,N/A,N/A
Sphaeropteris quindiuensis,1400,1200,1700,800,1800,100,N/A
Spirotheca rosea,1300,900,1300,400,1300,200,N/A
Spondias mombin,1400,600,0,N/A,N/A,N/A,N/A
Staphylea occidentalis,2700,2900,2600,2200,3200,700,N/A
Stenostomum acreanum,300,N/A,100,N/A,0,0,N/A
Stephanopodium angulatum,100,300,300,N/A,N/A,N/A,N/A
Sterculia apetala,1300,200,800,2300,900,400,N/A
Bocconia frutescens,2000,2000,1800,1500,2400,2500,N/A
Bocconia integrifolia,1600,2900,2500,1700,2100,2600,1200
Boehmeria caudata,2700,2500,1600,900,2700,2100,1400
Boehmeria ulmifolia,0,1800,2400,1300,2300,1900,0
Bomarea multiflora,2600,2600,2800,N/A,0,900,N/A
Brosimum alicastrum,700,1200,200,400,1800,N/A,N/A
Brosimum guianense,1000,800,900,2400,1400,1200,N/A
Brosimum lactescens,1400,600,900,1000,1300,1100,N/A
Brosimum rubescens,100,400,400,300,900,N/A,N/A
Brosimum utile,1300,1900,1500,200,1300,N/A,N/A
Brownea multijuga,0,600,300,N/A,N/A,N/A,N/A
Brunellia acostae,500,500,1600,N/A,N/A,N/A,N/A
Brunellia comocladifolia,2100,1400,1000,N/A,N/A,N/A,N/A
Brunellia dulcis,0,0,N/A,200,900,N/A,N/A
Brunellia sibundoya,1600,500,0,N/A,1300,400,N/A
Sterculia pruriens,300,0,N/A,0,500,N/A,N/A
Stilpnophyllum oellgaardii,600,N/A,1500,2300,N/A,N/A,N/A
Strychnos guianensis,0,500,0,N/A,0,N/A,N/A
Strychnos toxifera,300,0,0,N/A,200,N/A,N/A
Stryphnodendron microstachyum,0,100,N/A,200,600,N/A,N/A
Styloceras laurifolium,0,800,1100,500,3000,400,N/A
Stylogyne ardisioides,0,1300,2000,2400,2000,1800,N/A
Stylogyne longifolia,1000,1100,400,100,700,300,N/A
Stylogyne turbacensis,1200,1000,200,N/A,N/A,N/A,N/A
Styrax pavonii,1800,2300,900,800,2000,N/A,N/A
Styrax pentlandianus,0,N/A,N/A,500,1400,2200,N/A
Swartzia myrtifolia,300,700,600,2300,1400,100,N/A
Swartzia oraria,800,100,0,N/A,0,N/A,N/A
Swartzia simplex,500,500,1400,1400,1300,200,N/A
Swietenia macrophylla,1200,N/A,200,900,800,600,N/A
Symphonia globulifera,500,800,1900,1100,1400,1400,N/A
Symplocos bogotensis,0,N/A,1600,200,1100,1000,N/A
Tabebuia ochracea,0,0,N/A,0,N/A,N/A,N/A
Tabernaemontana columbiensis,0,700,200,N/A,N/A,N/A,N/A
Tabernaemontana cymosa,500,N/A,200,300,1500,1200,N/A
Tabernaemontana grandiflora,1000,900,0,N/A,N/A,N/A,N/A
Tabernaemontana markgrafiana,400,N/A,100,100,0,N/A,N/A
Tabernaemontana sananho,1200,1700,2100,1100,1100,N/A,N/A
Tachia parviflora,1200,1100,400,700,900,600,N/A
Talisia cerasina,700,1400,600,400,1000,0,N/A
Talisia hexaphylla,0,N/A,N/A,100,1100,500,N/A
Talisia nervosa,0,0,600,N/A,0,N/A,N/A
Tapirira guianensis,1700,1800,1800,1700,2000,1900,N/A
Tapura guianensis,300,900,0,0,N/A,N/A,N/A
Terminalia amazonia,1000,700,1900,800,1000,900,N/A
Terminalia oblonga,1300,N/A,800,2300,1300,800,N/A
Terminalia tetraphylla,600,600,N/A,N/A,1200,1000,N/A
Ternstroemia macrocarpa,700,1400,300,N/A,N/A,N/A,N/A
Ternstroemia meridionalis,2200,1200,N/A,N/A,200,N/A,N/A
Tessaria integrifolia,2000,3200,2100,2700,2300,2200,1100
Tetragastris altissima,200,400,N/A,200,900,500,N/A
Tetragastris panamensis,1500,600,700,500,1100,N/A,N/A
Tetrathylacium macrophyllum,1000,2000,1500,1500,1300,N/A,N/A
Tetrorchidium andinum,1700,1600,1700,N/A,200,N/A,N/A
Tetrorchidium euryphyllum,200,1100,0,N/A,N/A,N/A,N/A
Tetrorchidium macrophyllum,0,1600,1600,600,800,N/A,N/A
Tetrorchidium rubrivenium,2200,2300,2300,900,2100,1000,N/A
Theobroma cacao,1300,1500,900,1300,900,200,N/A
Theobroma glaucum,900,500,200,N/A,N/A,N/A,N/A
Tournefortia cuspidata,800,600,100,500,600,N/A,N/A
Tournefortia fuliginosa,900,1800,2200,0,N/A,N/A,N/A
Tournefortia scabrida,1200,2500,3000,1400,0,N/A,N/A
Tovomita spruceana,400,100,0,N/A,N/A,N/A,N/A
Tovomita stylosa,1300,1100,N/A,500,0,N/A,N/A
Toxicodendron striatum,1400,1500,1300,1200,1900,300,N/A
Trattinnickia aspera,900,0,0,500,200,N/A,N/A
Trema integerrima,0,500,400,0,0,N/A,N/A
Trema micrantha,1900,1900,2100,2200,2800,2200,2800
Trichilia cipo,0,0,0,0,0,N/A,N/A
Trichilia elegans,1200,700,800,800,2000,2500,N/A
Trichilia hirta,1200,800,1400,0,1700,1700,N/A
Trichilia martiana,800,800,800,1100,N/A,N/A,N/A
Trichilia maynasiana,0,200,1800,500,600,100,N/A
Trichilia micrantha,400,1300,1200,800,900,100,N/A
Trichilia pallida,1500,1400,2100,2400,1900,1900,N/A
Trichilia pleeana,900,600,800,2300,1200,1200,N/A
Trichilia poeppigii,200,200,1400,100,900,N/A,N/A
Trichilia quadrijuga,300,1000,400,200,1000,300,N/A
Trichilia schomburgkii,300,100,N/A,0,0,N/A,N/A
Trichilia septentrionalis,800,1300,1800,1700,1300,1000,N/A
Trichospermum galeottii,1200,700,400,N/A,N/A,N/A,N/A
Triplaris americana,1200,800,1500,1000,1200,2400,N/A
Triplaris cumingiana,800,0,1300,1800,N/A,100,N/A
Trophis racemosa,1000,900,700,900,N/A,N/A,N/A
Ulex europaeus,900,1000,0,N/A,0,0,N/A
Unonopsis guatterioides,0,700,500,1400,500,1000,N/A
Unonopsis spectabilis,0,100,800,400,100,800,N/A
Urera baccifera,2100,2000,2100,2000,2500,1700,1500
Urera caracasana,1700,1900,1900,1600,2400,1300,0
Urera simplex,700,1800,800,2600,1800,1900,1100
Vachellia macracantha,800,1900,1600,2200,1300,2800,1900
Vallea stipularis,2400,2400,2200,2400,2100,3700,500
Varronia cylindrostachya,2300,2800,2400,500,1400,1500,N/A
Vasconcellea microcarpa,1600,1900,2300,2300,1700,1700,N/A
Vasconcellea pubescens,300,1500,800,N/A,0,N/A,N/A
Verbesina arborea,0,1800,600,0,N/A,N/A,N/A
Verbesina nudipes,2000,2800,0,N/A,N/A,N/A,N/A
Vernonanthura patens,1800,1800,2000,2100,2800,2800,N/A
Viburnum ayavacense,0,N/A,1300,N/A,0,1600,N/A
Viburnum hallii,1000,2800,2400,2400,3100,1400,N/A
Viburnum pichinchense,2500,1300,2000,N/A,N/A,N/A,N/A
Viburnum tinoides,2400,1900,600,N/A,N/A,N/A,N/A
Viburnum toronis,1800,2400,1400,N/A,N/A,N/A,N/A
Viburnum triphyllum,2300,1800,2700,1700,700,0,N/A
Virola calophylla,0,600,1800,900,1000,N/A,N/A
Virola dixonii,500,600,0,N/A,N/A,N/A,N/A
Virola elongata,300,1300,900,1000,1400,800,0
Virola flexuosa,400,200,800,500,800,300,N/A
Virola reidii,0,800,400,N/A,N/A,N/A,N/A
Virola sebifera,1500,1100,1600,1500,1500,1300,N/A
Vismia baccifera,3500,3400,1600,1600,1500,100,N/A
Vismia cayennensis,1300,700,1000,0,0,400,N/A
Vismia guianensis,2200,1800,N/A,2300,N/A,1500,N/A
Vismia lauriformis,2200,1100,700,0,1500,900,N/A
Vismia macrophylla,1300,1800,1600,200,900,N/A,N/A
Vismia sprucei,200,N/A,1500,700,600,N/A,N/A
Vismia tomentosa,0,0,2300,200,900,0,N/A
Vitex triflora,0,0,100,600,1800,N/A,N/A
Vochysia ferruginea,1300,700,0,500,0,N/A,N/A
Vochysia lehmannii,1100,500,N/A,0,300,N/A,N/A
Vochysia megalantha,900,0,N/A,N/A,0,N/A,N/A
Warszewiczia coccinea,1500,1800,2100,1400,1200,600,N/A
Weinmannia auriculata,1000,700,500,700,2700,1200,N/A
Weinmannia cochensis,800,900,1600,1800,1500,0,N/A
Weinmannia elliptica,2000,2300,1800,1700,N/A,N/A,N/A
Weinmannia fagaroides,1100,2500,1600,1000,1200,1000,N/A
Weinmannia lechleriana,0,N/A,N/A,1100,1000,1200,N/A
Weinmannia mariquitae,2500,800,2200,0,0,N/A,N/A
Weinmannia microphylla,200,N/A,100,200,700,1900,N/A
Weinmannia multijuga,1800,900,2700,0,1700,1200,N/A
Weinmannia pinnata,2400,2900,2700,3200,2200,1400,N/A
Weinmannia pubescens,2100,2600,1600,1000,1900,N/A,N/A
Weinmannia reticulata,0,1100,1400,700,1200,1000,N/A
Weinmannia rollottii,800,1000,1200,N/A,N/A,0,N/A
Weinmannia sorbifolia,1400,2300,1700,1300,2300,2000,N/A
Wettinia fascicularis,700,600,0,N/A,N/A,N/A,N/A
Wettinia kalbreyeri,1300,1200,1400,N/A,N/A,N/A,N/A
Wettinia quinaria,900,3800,1900,0,N/A,N/A,N/A
Witheringia coccoloboides,2300,1300,0,N/A,N/A,N/A,N/A
Wittmackanthus stanleyanus,900,100,100,N/A,N/A,N/A,N/A
Xanthosoma sagittifolium,1800,1200,1400,900,0,300,N/A
Xylopia amazonica,300,300,N/A,N/A,0,N/A,N/A
Xylopia aromatica,1300,1300,0,200,600,0,N/A
Xylopia frutescens,800,0,N/A,N/A,0,N/A,N/A
Xylopia polyantha,400,0,0,N/A,0,800,N/A
Xylopia sericea,400,0,200,100,0,0,N/A
Zanthoxylum acuminatum,0,N/A,1200,200,1300,1000,N/A
Zanthoxylum fagara,1400,2200,1300,2500,1700,2000,1100
Zanthoxylum formiciferum,0,N/A,200,N/A,0,N/A,N/A
Zanthoxylum melanostictum,900,0,400,200,0,N/A,N/A
Zanthoxylum quinduense,200,2200,1500,300,N/A,N/A,N/A
Zanthoxylum rhoifolium,3500,2100,1000,800,1400,2800,1700
Zanthoxylum rigidum,1300,2300,N/A,400,N/A,0,500
Zinowiewia australis,0,0,1600,N/A,2300,1000,N/A
Zygia latifolia,100,1200,100,N/A,100,N/A,N/A
Bunchosia argentea,1300,1300,2000,0,1900,N/A,N/A
Bunchosia armeniaca,1900,2200,1700,1600,2200,2000,N/A
Bunchosia pseudonitida,1300,800,N/A,200,N/A,N/A,N/A
Bursera graveolens,200,1000,900,1900,N/A,N/A,N/A
Bursera simaruba,1200,0,N/A,N/A,0,N/A,N/A
Byrsonima arthropoda,200,N/A,2000,2400,1800,1800,N/A
Byrsonima garcibarrigae,700,0,N/A,200,N/A,N/A,N/A
Byrsonima spicata,1500,300,N/A,300,1400,2000,N/A
Calatola costaricensis,2600,1900,2000,1800,2100,900,N/A
Calliandra magdalenae,1400,800,0,N/A,100,N/A,N/A
Calophyllum brasiliense,2100,2000,1500,300,1400,1200,N/A
Calycolpus moritzianus,2600,0,600,N/A,N/A,N/A,N/A
Caryocar glabrum,900,1300,900,1700,1600,0,N/A
Caryodendron orinocense,1200,1000,1500,N/A,700,N/A,N/A
Casearia aculeata,1100,800,600,900,1400,1500,N/A
Casearia arborea,1300,1000,1500,2300,1600,1100,N/A
Casearia cajambrensis,400,800,100,500,N/A,N/A,N/A
Casearia combaymensis,0,N/A,1000,N/A,0,N/A,N/A
Casearia decandra,700,0,1300,1500,1200,2100,N/A
Casearia mariquitensis,1700,1700,800,N/A,1400,N/A,N/A
Casearia quinduensis,200,400,1000,400,N/A,N/A,N/A
Casearia sylvestris,1900,1800,1700,2200,3000,2700,1100
Casearia ulmifolia,400,400,900,500,1000,N/A,N/A
Casearia zahlbruckneri,0,100,400,500,500,100,N/A
Cassipourea guianensis,1300,600,300,N/A,N/A,N/A,N/A
Castilla elastica,1500,1300,200,N/A,N/A,N/A,N/A
Cathedra acuminata,0,N/A,700,100,N/A,N/A,N/A
Cavendishia bracteata,2900,2300,2900,2500,3000,2400,N/A
Cavendishia pubescens,3300,1800,0,1500,1200,2100,N/A
Cecropia angustifolia,1100,1900,1800,900,1900,1200,N/A
Cecropia engleriana,700,600,400,0,2600,0,N/A
Cecropia gabrielis,700,600,0,N/A,N/A,N/A,N/A
Cecropia hispidissima,900,0,400,N/A,N/A,N/A,N/A
Cecropia membranacea,600,1100,300,300,1100,0,N/A
Cecropia reticulata,700,1300,1100,N/A,N/A,N/A,N/A
Cecropia telenitida,1900,1100,700,200,N/A,N/A,N/A
Cedrela fissilis,0,N/A,400,500,3100,2100,1500
Cedrela lilloi,0,N/A,N/A,0,0,1500,600
Cedrela montana,2300,1200,1500,200,2600,0,0
Cedrela odorata,1500,1700,2600,2700,3400,2700,1100
Ceiba pentandra,1300,900,1800,1600,1100,0,N/A
Ceiba speciosa,400,N/A,200,0,1100,1400,0
Celtis iguanaea,1500,1200,1500,1600,2000,2000,1100
Centronia laurifolia,0,0,1500,1300,0,N/A,N/A
Ceroxylon quindiuense,300,1200,N/A,0,N/A,N/A,N/A
Ceroxylon vogelianum,1900,400,600,800,1000,0,N/A
Cespedesia spathulata,1000,1000,1900,1300,900,400,N/A
Cestrum humboldtii,1200,1700,1800,1400,400,N/A,N/A
Cestrum megalophyllum,2400,1600,1500,200,1900,1700,N/A
Cestrum petiolare,2000,500,N/A,0,100,N/A,N/A
Cestrum racemosum,1300,2800,1400,1000,2000,500,N/A
Chamaedorea linearis,2300,1700,2200,1800,2600,1200,N/A
Chamaedorea pinnatifrons,3500,2300,2200,2200,2700,1900,N/A
Cheiloclinium cognatum,700,200,1300,1300,2500,1000,N/A
Chimarrhis hookeri,0,100,1000,1100,1400,700,N/A
Chomelia paniculata,0,N/A,1000,1500,1600,1100,N/A
Chomelia tenuiflora,1100,900,1700,1800,2000,300,N/A
Chrysochlamys colombiana,2600,2600,500,N/A,N/A,N/A,N/A
Chrysochlamys dependens,1900,1700,300,0,N/A,N/A,N/A
Chrysochlamys macrophylla,800,0,1700,300,N/A,1400,N/A
Chrysochlamys membranacea,1800,600,2200,0,1600,N/A,N/A
Chrysochlamys ulei,0,0,N/A,500,1200,N/A,N/A
Chrysochlamys weberbaueri,1400,900,900,1600,2100,1400,N/A
Chrysophyllum argenteum,1900,1300,1100,1700,1100,0,N/A
Chrysophyllum colombianum,0,N/A,400,0,0,N/A,N/A
Chrysophyllum lucentifolium,800,0,0,N/A,900,0,N/A
Chrysophyllum prieurii,700,0,0,600,1200,N/A,N/A
Albizia niopoides,N/A,600,600,1000,1100,500,0
Alchornea pearcei,N/A,0,700,1400,1800,1400,N/A
Alibertia bertierifolia,N/A,0,400,100,500,0,N/A
Allophylus amazonicus,N/A,600,600,N/A,1000,0,N/A
Allophylus pilosus,N/A,0,900,100,1500,N/A,N/A
Chrysophyllum venezuelanense,N/A,0,1000,2300,1400,500,N/A
Cinchonopsis amazonica,N/A,600,500,500,2000,N/A,N/A
Clavija eggersiana,N/A,0,1700,0,N/A,N/A,N/A
Clethra obovata,N/A,0,1400,0,2500,N/A,N/A
Clusia schultesii,N/A,500,1400,0,1500,N/A,N/A
Cordia lutea,N/A,2500,800,1300,N/A,0,N/A
Cordia ucayaliensis,N/A,200,1700,2400,1600,0,N/A
Coussarea ecuadorensis,N/A,700,1300,0,0,N/A,N/A
Critoniopsis occidentalis,N/A,1000,600,N/A,0,N/A,N/A
Croton rimbachii,N/A,0,800,0,1100,N/A,N/A
Croton sampatik,N/A,100,200,600,1200,0,N/A
Croton tessmannii,N/A,0,800,2700,900,100,N/A
Cyathea crenata,N/A,800,500,0,300,N/A,N/A
Cyathea frigida,N/A,400,600,0,500,N/A,N/A
Cyathea planadae,N/A,700,1200,200,700,1200,N/A
Cyathea straminea,N/A,1000,400,0,500,0,N/A
Dendropanax cuneatus,N/A,0,0,100,1100,1300,N/A
Dendropanax umbellatus,N/A,0,0,1800,1700,N/A,N/A
Deprea subtriflora,N/A,0,0,2600,700,N/A,N/A
Drypetes amazonica,N/A,100,900,500,1000,600,N/A
Elaeagia ecuadorensis,N/A,0,800,1200,100,N/A,N/A
Elaeoluma glabrescens,N/A,0,100,N/A,0,N/A,N/A
Endlicheria formosa,N/A,1400,2100,1100,1600,N/A,N/A
Endlicheria krukovii,N/A,0,900,800,1700,N/A,N/A
Eriotheca macrophylla,N/A,0,100,0,1400,700,N/A
Erythrina amazonica,N/A,0,800,N/A,2200,N/A,N/A
Erythrina ulei,N/A,100,600,0,1400,1100,N/A
Erythroxylum squamatum,N/A,800,1500,500,1400,N/A,N/A
Eschweilera andina,N/A,200,1800,200,1100,100,N/A
Eugenia anastomosans,N/A,1800,200,0,N/A,N/A,N/A
Eugenia muricata,N/A,100,700,1800,2300,0,N/A
Faramea anisocalyx,N/A,500,900,1100,1400,300,N/A
Faramea parvibractea,N/A,1300,1200,N/A,0,N/A,N/A
Faramea torquata,N/A,0,700,500,1000,0,N/A
Ferdinandusa chlorantha,N/A,1100,1800,1500,1400,1300,N/A
Ficus cervantesiana,N/A,600,1600,0,900,600,N/A
Ficus coerulescens,N/A,200,0,500,1600,1000,N/A
Ficus gomelleira,N/A,300,300,2200,1600,1100,N/A
Ficus trapezicola,N/A,0,1300,600,400,N/A,N/A
Alseis peruviana,N/A,0,N/A,300,300,0,N/A
Amanoa oblongifolia,N/A,1300,N/A,N/A,0,800,N/A
Anacardium giganteum,N/A,0,0,0,N/A,N/A,N/A
Aniba hostmanniana,N/A,1700,1900,900,0,0,N/A
Annona ambotay,N/A,700,1000,200,600,N/A,N/A
Annona cuspidata,N/A,0,100,300,1000,0,N/A
Geissanthus ecuadorensis,N/A,0,2000,N/A,0,N/A,N/A
Geoffroea spinosa,N/A,0,800,0,1900,200,N/A
Grias peruviana,N/A,700,2000,700,1200,N/A,N/A
Guarea gomma,N/A,0,900,0,1300,100,N/A
Guatteria boliviana,N/A,0,100,0,1700,1000,N/A
Guatteria glauca,N/A,0,1100,1700,2400,700,N/A
Hedyosmum scabrum,N/A,700,1500,2000,1200,2400,N/A
Heisteria nitida,N/A,100,1100,1500,1100,1100,N/A
Helicostylis elegans,N/A,1200,0,100,100,N/A,N/A
Hevea guianensis,N/A,800,900,900,1000,500,N/A
Hieronyma asperifolia,N/A,0,1300,700,1600,N/A,N/A
Hirtella macrophylla,N/A,0,100,200,N/A,N/A,N/A
Huertea glandulosa,N/A,1200,2200,2300,2300,N/A,N/A
Ilex andicola,N/A,500,1500,N/A,700,800,N/A
Inga auristellae,N/A,200,400,300,1100,N/A,N/A
Inga bourgonii,N/A,1200,1500,900,2000,1000,N/A
Inga cordatoalata,N/A,1100,300,N/A,800,N/A,N/A
Inga feuillei,N/A,700,1100,1300,1900,900,N/A
Iochroma calycinum,N/A,700,1400,0,N/A,N/A,N/A
Iryanthera juruensis,N/A,600,1000,500,1100,600,N/A
Ixora panurensis,N/A,1300,1600,100,N/A,N/A,N/A
Ladenbergia heterophylla,N/A,1400,900,0,N/A,N/A,N/A
Leonia crassa,N/A,500,900,400,1000,800,N/A
Licania canescens,N/A,100,0,400,0,N/A,N/A
Licania harlingii,N/A,0,800,400,600,N/A,N/A
Licania octandra,N/A,0,N/A,300,100,N/A,N/A
Macrolobium limbatum,N/A,0,200,200,200,N/A,N/A
Maquira calophylla,N/A,700,2100,300,700,N/A,N/A
Matisia malacocalyx,N/A,1500,1000,N/A,700,N/A,N/A
Mauria simplicifolia,N/A,2100,900,3000,N/A,N/A,N/A
Mauritia flexuosa,N/A,300,900,300,200,N/A,N/A
Meliosma bogotana,N/A,800,0,N/A,0,N/A,N/A
Meliosma herbertii,N/A,0,2200,1500,1700,900,N/A
Meliosma peytonii,N/A,0,1200,1100,1100,0,N/A
Annona hypoglauca,N/A,0,400,100,200,N/A,N/A
Anthodiscus klugii,N/A,0,N/A,300,900,N/A,N/A
Aspidosperma schultesii,N/A,500,900,500,500,N/A,N/A
Miconia aulocalyx,N/A,400,N/A,600,1700,N/A,N/A
Miconia biglandulosa,N/A,600,700,0,200,N/A,N/A
Miconia clathrantha,N/A,700,1000,400,0,0,N/A
Miconia denticulata,N/A,900,900,1400,0,N/A,N/A
Miconia glaucescens,N/A,0,1700,0,0,N/A,N/A
Miconia lasiocalyx,N/A,300,1500,400,1600,400,N/A
Miconia rivetii,N/A,1200,2000,N/A,300,N/A,N/A
Myrcia neesiana,N/A,600,1400,1900,1500,0,N/A
Naucleopsis krukovii,N/A,0,200,200,1100,N/A,N/A
Nealchornea yapurensis,N/A,400,1100,800,1300,N/A,N/A
Nectandra acuminata,N/A,0,0,0,2300,N/A,N/A
Nectandra cissiflora,N/A,0,1800,1600,2500,2000,N/A
Nectandra longifolia,N/A,0,1300,1800,1700,1600,N/A
Neea macrophylla,N/A,600,700,800,1400,1400,N/A
Neea ovalifolia,N/A,700,1200,500,1800,1200,N/A
Ocotea benthamiana,N/A,0,1000,100,N/A,N/A,N/A
Ocotea costulata,N/A,300,500,300,1700,N/A,N/A
Ocotea cuneifolia,N/A,600,1200,1600,1900,N/A,N/A
Ocotea karsteniana,N/A,700,0,0,0,N/A,N/A
Ormosia coarctata,N/A,600,N/A,0,100,N/A,N/A
Otoba glycycarpa,N/A,600,1800,1400,1400,0,N/A
Oxandra espintana,N/A,700,N/A,0,900,300,N/A
Palicourea andrei,N/A,900,900,100,0,N/A,N/A
Palicourea lineata,N/A,1500,2100,1500,1700,N/A,N/A
Palicourea subscandens,N/A,0,700,200,N/A,N/A,N/A
Palicourea tinctoria,N/A,200,1400,2200,1500,900,N/A
Pentacalia oronocensis,N/A,0,1400,1600,1900,2200,N/A
Persea nudigemma,N/A,0,1400,0,0,N/A,N/A
Phyllanthus brasiliensis,N/A,200,3300,800,0,1200,N/A
Phytolacca dioica,N/A,300,1100,1500,0,1500,N/A
Picramnia latifolia,N/A,100,1600,700,800,800,N/A
Barnadesia parviflora,N/A,2200,1800,600,N/A,N/A,N/A
Batocarpus orinocensis,N/A,500,1200,1400,900,N/A,N/A
Bauhinia tarapotensis,N/A,600,800,300,900,N/A,N/A
Beilschmiedia sulcata,N/A,900,1000,0,N/A,N/A,N/A
Pisonia aculeata,N/A,600,900,N/A,300,0,N/A
Pleurothyrium poeppigii,N/A,0,1300,1200,2300,N/A,N/A
Podocarpus magnifolius,N/A,600,N/A,300,1700,600,N/A
Polylepis pauta,N/A,300,500,200,1800,N/A,N/A
Pourouma mollis,N/A,0,1800,1500,1200,N/A,N/A
Pouteria campanulata,N/A,0,200,0,200,N/A,N/A
Pouteria oblanceolata,N/A,0,1200,N/A,600,0,N/A
Protium amazonicum,N/A,900,900,400,800,0,N/A
Protium glabrescens,N/A,500,300,0,2000,400,N/A
Protium hebetatum,N/A,0,0,2300,0,N/A,N/A
Prumnopitys harmsiana,N/A,0,0,300,1900,600,N/A
Prunus huantensis,N/A,600,2300,0,2100,N/A,N/A
Pseudolmedia macrophylla,N/A,500,1500,1100,1500,1000,N/A
Psychotria montivaga,N/A,800,1200,2100,100,N/A,N/A
Pterogyne nitens,N/A,0,N/A,N/A,0,1200,1600
Purdiaea nutans,N/A,400,1700,1800,N/A,N/A,N/A
Quiina amazonica,N/A,800,900,1000,1400,N/A,N/A
Quiina cruegeriana,N/A,600,0,400,400,700,N/A
Rauvolfia sprucei,N/A,0,0,700,1800,0,N/A
Ravenia biramosa,N/A,100,0,1000,N/A,N/A,N/A
Retiniphyllum concolor,N/A,400,700,1000,N/A,N/A,N/A
Rhodostemonodaphne grandis,N/A,0,400,N/A,0,N/A,N/A
Ruagea tomentosa,N/A,800,1800,N/A,300,800,N/A
Rudgea verticillata,N/A,1300,1200,1600,2200,0,N/A
Sambucus peruviana,N/A,0,900,2900,2900,2400,2000
Saracha punctata,N/A,0,1000,1200,2500,2500,N/A
Saurauia pseudostrigillosa,N/A,1200,1800,0,N/A,N/A,N/A
Schizocalyx obovatus ,N/A,0,N/A,600,1300,1400,N/A
Sessea vestita,N/A,900,600,N/A,N/A,0,N/A
Simaba guianensis,N/A,0,1100,N/A,1000,N/A,N/A
Siparuna bifida,N/A,0,N/A,700,900,1000,N/A
Siparuna eggersii,N/A,0,2000,700,N/A,N/A,N/A
Sloanea multiflora,N/A,400,0,N/A,0,N/A,N/A
Sloanea parvifructa,N/A,400,0,0,N/A,N/A,N/A
Solanum cucullatum,N/A,600,2200,600,0,N/A,N/A
Solanum sessile,N/A,1700,1600,2400,2800,1800,600
Brunellia stenoptera,N/A,0,400,N/A,1200,0,N/A
Sterculia frondosa,N/A,0,600,400,1200,N/A,N/A
Sterculia tessmannii,N/A,100,700,300,800,100,N/A
Symplocos fimbriata,N/A,200,N/A,100,1300,800,N/A
Symplocos quitensis,N/A,500,1300,600,1100,1500,N/A
Tachigali setifera,N/A,0,1000,100,1500,N/A,N/A
Talisia macrophylla,N/A,1000,N/A,400,0,0,N/A
Tapirira obtusa,N/A,800,2000,300,1600,N/A,N/A
Tapirira rubrinervis,N/A,300,0,100,1500,N/A,N/A
Tapura peruviana,N/A,800,1200,200,600,N/A,N/A
Theobroma subincanum,N/A,1300,900,900,1100,N/A,N/A
Trattinnickia burserifolia,N/A,700,700,0,0,N/A,N/A
Vallea ecuadorensis,N/A,0,800,0,500,N/A,N/A
Virola duckei,N/A,600,600,400,1800,N/A,N/A
Virola loretensis,N/A,0,100,100,0,N/A,N/A
Virola pavonis,N/A,700,1000,800,1200,N/A,N/A
Vismia gracilis,N/A,500,900,1500,1600,2200,N/A
Vismia lateriflora,N/A,0,1200,0,0,N/A,N/A
Vismia mandurr,N/A,900,1500,400,N/A,N/A,N/A
Vismia pozuzoensis,N/A,1100,600,2500,1800,2400,N/A
Vitex cymosa,N/A,0,400,0,1100,400,N/A
Vochysia duquei,N/A,100,700,600,N/A,N/A,N/A
Weinmannia latifolia,N/A,1200,1700,500,1100,0,N/A
Weinmannia lentiscifolia,N/A,100,1500,0,900,500,N/A
Xylopia emarginata,N/A,400,0,N/A,400,N/A,N/A
Byrsonima poeppigiana,N/A,0,500,600,1900,0,N/A
Cabralea canjerana,N/A,700,2100,1000,2100,1500,N/A
Calycophyllum spruceanum,N/A,0,300,800,1400,200,N/A
Capirona decorticans,N/A,200,700,400,500,N/A,N/A
Casearia fasciculata,N/A,700,1800,1300,1100,N/A,N/A
Casearia prunifolia,N/A,2400,2000,2000,N/A,N/A,N/A
Casearia tachirensis,N/A,500,600,1000,900,N/A,N/A
Cecropia andina,N/A,0,400,400,N/A,N/A,N/A
Cecropia montana,N/A,0,1200,900,500,N/A,N/A
Cecropia sciadophylla,N/A,1200,1200,200,700,1500,N/A
Cedrelinga cateniformis,N/A,500,900,300,800,N/A,N/A
Celtis schippii,N/A,200,700,2300,1200,300,N/A
Ceroxylon parvifrons,N/A,100,1800,N/A,1300,1400,N/A
Cestrum peruvianum,N/A,1300,2600,1600,700,N/A,N/A
Chrysophyllum manaosense,N/A,600,2000,300,N/A,N/A,N/A
Acalypha stenoloba,N/A,N/A,1800,1500,1600,2400,N/A
Acalypha stricta,N/A,N/A,900,1700,1800,2200,300
Agonandra excelsa,N/A,N/A,1100,1400,400,1400,900
Agonandra peruviana,N/A,N/A,600,0,1300,N/A,N/A
Agonandra silvatica,N/A,N/A,500,400,1800,N/A,N/A
Allophylus divaricatus,N/A,N/A,600,100,1100,900,N/A
Allophylus glabratus,N/A,N/A,0,0,500,900,N/A
Allophylus loretensis,N/A,N/A,700,200,600,N/A,N/A
Clethra castaneifolia,N/A,N/A,400,2100,1400,200,N/A
Clethra cuneata,N/A,N/A,0,1600,2100,1700,N/A
Clethra ferruginea,N/A,N/A,0,800,1900,500,N/A
Clethra pedicellaris,N/A,N/A,200,1700,2400,500,N/A
Clethra scabra,N/A,N/A,0,0,2000,2400,2000
Coccoloba peruviana,N/A,N/A,600,300,1000,600,N/A
Colicodendron scabridum,N/A,N/A,500,1400,700,N/A,N/A
Cordia lomatoloba,N/A,N/A,0,0,2300,N/A,N/A
Cyathea carolihenrici,N/A,N/A,700,N/A,600,300,N/A
Cyathea obnoxia,N/A,N/A,100,600,0,0,N/A
Cyathostegia mathewsii,N/A,N/A,1200,2100,1600,N/A,N/A
Cybianthus peruvianus,N/A,N/A,1300,900,2300,1400,N/A
Dictyoloma vandellianum,N/A,N/A,400,1400,1800,1300,N/A
Duguetia hadrantha,N/A,N/A,600,100,700,N/A,N/A
Eriotheca ruizii,N/A,N/A,1100,0,0,N/A,N/A
Faramea bangii,N/A,N/A,1000,2200,2000,500,N/A
Ficus maroma,N/A,N/A,400,800,1100,800,300
Anadenanthera colubrina,N/A,N/A,1300,2000,2200,2100,1700
Anadenanthera columbrina,N/A,N/A,1300,2000,2200,2100,1700
Andira multistipula,N/A,N/A,400,500,900,N/A,N/A
Annona andicola,N/A,N/A,1400,1200,1100,N/A,N/A
Guapira opposita,N/A,N/A,0,N/A,1800,800,N/A
Guatteria duodecima,N/A,N/A,1100,0,1600,1100,N/A
Guatteria oblongifolia,N/A,N/A,1000,1300,2400,1000,N/A
Hedyosmum anisodorum,N/A,N/A,1900,0,1700,N/A,N/A
Hedyosmum dombeyanum,N/A,N/A,0,1200,1300,900,N/A
Hirtella eriandra,N/A,N/A,400,0,100,N/A,N/A
Humiriastrum mapiriense,N/A,N/A,600,100,0,900,N/A
Ilex gabrielleana,N/A,N/A,1100,600,0,N/A,N/A
Ilex hippocrateoides,N/A,N/A,800,1500,2700,600,N/A
Ilex hualgayoca,N/A,N/A,900,0,1000,N/A,N/A
Ilex teratopis,N/A,N/A,1600,2600,1800,500,N/A
Ilex villosula,N/A,N/A,0,1700,100,N/A,N/A
Inga fendleriana,N/A,N/A,500,N/A,1400,1200,N/A
Inga pruriens,N/A,N/A,700,0,200,N/A,N/A
Inga tomentosa,N/A,N/A,0,0,2200,1300,N/A
Iryanthera lancifolia,N/A,N/A,800,800,0,N/A,N/A
Ladenbergia riveroana,N/A,N/A,900,1700,1700,N/A,N/A
Licaria pucheri,N/A,N/A,0,N/A,2300,0,N/A
Lissocarpa uyat,N/A,N/A,400,800,500,N/A,N/A
Luehea paniculata,N/A,N/A,100,100,2100,2100,N/A
Machaerium millei,N/A,N/A,1400,N/A,0,500,N/A
Machaerium mutisii,N/A,N/A,500,0,0,N/A,N/A
Meliosma boliviensis,N/A,N/A,1400,0,2000,300,N/A
Annona excellens,N/A,N/A,0,1000,100,N/A,N/A
Asplundia schizotepala,N/A,N/A,900,200,900,N/A,N/A
Mezilaurus campaucola,N/A,N/A,800,0,200,N/A,N/A
Miconia juruensis,N/A,N/A,0,0,100,0,N/A
Miconia media,N/A,N/A,900,1400,600,N/A,N/A
Miconia micropetala,N/A,N/A,1000,0,1700,800,N/A
Miconia neriifolia,N/A,N/A,0,1200,1300,N/A,N/A
Miconia subandicola,N/A,N/A,100,1400,2000,1000,N/A
Myrcia mollis,N/A,N/A,1600,1300,2300,2100,N/A
Myriocarpa laevigata,N/A,N/A,0,1200,1900,N/A,N/A
Myroxylon peruiferum,N/A,N/A,0,0,600,1000,1000
Naucleopsis concinna,N/A,N/A,0,100,100,N/A,N/A
Nectandra discolor,N/A,N/A,0,1400,N/A,0,N/A
Nectandra olida,N/A,N/A,400,1200,200,N/A,N/A
Nectandra pulverulenta,N/A,N/A,0,600,1500,900,N/A
Nordenstamia cajamarcensis,N/A,N/A,0,300,300,N/A,N/A
Ocotea arnottiana,N/A,N/A,0,1000,400,N/A,N/A
Ocotea olivacea,N/A,N/A,1500,600,1100,500,N/A
Ocotea ovalifolia,N/A,N/A,0,0,1300,N/A,N/A
Ocotea pedanomischa,N/A,N/A,700,500,1000,N/A,N/A
Oreocallis grandiflora,N/A,N/A,2000,3100,1900,N/A,N/A
Oreopanax andreanus,N/A,N/A,1500,0,400,N/A,N/A
Panopsis pearcei,N/A,N/A,400,0,1000,1600,N/A
Parinari parilis,N/A,N/A,0,0,200,N/A,N/A
Pentagonia williamsii,N/A,N/A,300,300,0,N/A,N/A
Perebea humilis,N/A,N/A,0,500,600,N/A,N/A
Axinaea confusa,N/A,N/A,0,0,1100,N/A,N/A
Bathysa australis,N/A,N/A,0,0,2800,1400,N/A
Blakea mexiae,N/A,N/A,400,300,700,N/A,N/A
Blakea multiflora,N/A,N/A,1200,1400,1700,1600,N/A
Piper heterophyllum,N/A,N/A,1100,1700,1100,2200,N/A
Piper perareolatum,N/A,N/A,1900,900,0,N/A,N/A
Piptocarpha lechleri,N/A,N/A,1700,0,1700,500,N/A
Pittoniotis rotata,N/A,N/A,0,700,0,N/A,N/A
Pleurothyrium parviflorum,N/A,N/A,0,800,100,N/A,N/A
Pouteria condorensis,N/A,N/A,100,0,300,N/A,N/A
Pouteria lucumifolia,N/A,N/A,400,N/A,0,0,N/A
Pouteria trilocularis,N/A,N/A,800,600,1400,N/A,N/A
Prunus pleiantha,N/A,N/A,0,0,1600,N/A,N/A
Prunus stipulata,N/A,N/A,0,1900,1300,700,N/A
Psychotria pichisensis,N/A,N/A,2000,1800,2000,1400,N/A
Quararibea wittii,N/A,N/A,800,400,800,N/A,N/A
Remijia chelomaphylla,N/A,N/A,900,500,800,N/A,N/A
Rhamnidium elaeocarpum,N/A,N/A,100,200,1000,1500,1000
Roupala cordifolia,N/A,N/A,700,400,1600,N/A,N/A
Rudgea ciliata,N/A,N/A,0,1100,2000,1900,N/A
Ruizodendron ovale,N/A,N/A,600,300,800,1200,N/A
Saurauia peruviana,N/A,N/A,1700,1100,800,2200,N/A
Sessea dependens,N/A,N/A,0,N/A,2700,300,N/A
Siparuna cristata,N/A,N/A,1200,400,700,N/A,N/A
Siparuna tomentosa,N/A,N/A,900,3200,2400,2400,N/A
Sloanea obtusifolia,N/A,N/A,0,N/A,700,1000,N/A
Socratea salazarii,N/A,N/A,400,800,900,N/A,N/A
Solanum cutervanum,N/A,N/A,1000,900,1000,N/A,N/A
Solanum maturecalvans,N/A,N/A,1000,2100,2800,2000,200
Solanum pendulum,N/A,N/A,800,2000,2200,0,N/A
Solanum riparium,N/A,N/A,100,2100,2300,2200,1600
Brunellia inermis,N/A,N/A,1200,200,1200,N/A,N/A
Sterculia rebeccae,N/A,N/A,600,0,1500,300,N/A
Styrax foveolaria,N/A,N/A,2000,900,1100,N/A,N/A
Symplocos arechea,N/A,N/A,500,1400,2000,1600,N/A
Symplocos coriacea,N/A,N/A,200,200,1300,N/A,N/A
Symplocos fuliginosa,N/A,N/A,1200,900,800,N/A,N/A
Symplocos peruviana,N/A,N/A,1300,1600,0,N/A,N/A
Symplocos reflexa,N/A,N/A,0,0,0,N/A,N/A
Tachigali chrysaloides,N/A,N/A,1800,900,300,N/A,N/A
Ternstroemia jelskii,N/A,N/A,700,2300,1700,N/A,N/A
Theobroma speciosum,N/A,N/A,100,100,100,0,N/A
Trichilia rubra,N/A,N/A,1800,700,1200,600,N/A
Trichilia tomentosa,N/A,N/A,300,1300,N/A,0,N/A
Triplaris poeppigiana,N/A,N/A,0,0,1000,800,N/A
Urera lianoides,N/A,N/A,400,N/A,1800,1500,100
Vasconcellea quercifolia,N/A,N/A,0,900,700,1900,2800
Virola mollissima,N/A,N/A,100,0,400,N/A,N/A
Vochysia mapirensis,N/A,N/A,600,0,1600,1400,N/A
Weinmannia haenkeana,N/A,N/A,0,1100,700,N/A,N/A
Weinmannia ovata,N/A,N/A,1700,1200,1900,1000,N/A
Xylopia calophylla,N/A,N/A,0,0,800,N/A,N/A
Xylopia cuspidata,N/A,N/A,400,700,900,0,N/A
Zanthoxylum sprucei,N/A,N/A,300,1300,1600,1300,N/A
Campomanesia speciosa,N/A,N/A,0,200,900,0,N/A
Capparidastrum petiolare,N/A,N/A,1600,2000,1400,N/A,N/A
Caryocar amygdaliforme,N/A,N/A,0,600,700,N/A,N/A
Casearia obovalis,N/A,N/A,1600,1100,800,1100,N/A
Castilla ulei,N/A,N/A,200,0,500,N/A,N/A
Cavanillesia hylogeiton,N/A,N/A,100,0,300,700,N/A
Cecropia polystachya,N/A,N/A,0,N/A,2800,1500,N/A
Ceiba insignis,N/A,N/A,1200,1500,1000,N/A,900
Ceiba samauma,N/A,N/A,900,1500,2400,300,N/A
Celtis loxensis,N/A,N/A,800,1900,1000,N/A,N/A
Cestrum conglomeratum,N/A,N/A,100,1600,2600,2900,N/A
Chimarrhis glabriflora,N/A,N/A,800,700,900,700,N/A
Chrysophyllum amazonicum,N/A,N/A,800,700,900,N/A,N/A
Achatocarpus praecox,N/A,N/A,N/A,1300,600,1800,900
Aegiphila saltensis,N/A,N/A,N/A,0,N/A,900,1000
Aiouea grandifolia,N/A,N/A,N/A,1300,1400,0,N/A
Cinchona micrantha,N/A,N/A,N/A,0,2300,0,N/A
Cordia saccellia,N/A,N/A,N/A,2100,N/A,200,1500
Cyathea herzogii,N/A,N/A,N/A,0,900,1100,N/A
Cyathea ruiziana,N/A,N/A,N/A,0,2200,2100,N/A
Cybianthus fosteri,N/A,N/A,N/A,0,0,0,N/A
Dasyphyllum brasiliense,N/A,N/A,N/A,0,2600,2300,N/A
Dendropanax williamsii,N/A,N/A,N/A,0,1100,1100,N/A
Duranta serratifolia,N/A,N/A,N/A,0,800,1800,1100
Erythroxylum deciduum,N/A,N/A,N/A,0,0,0,N/A
Eugenia moraviana,N/A,N/A,N/A,500,1100,2200,700
Faramea candelabrum,N/A,N/A,N/A,900,2600,1400,N/A
Freziera uniauriculata,N/A,N/A,N/A,0,100,0,N/A
Gallesia integrifolia,N/A,N/A,N/A,1000,1200,1300,N/A
Amburana cearensis,N/A,N/A,N/A,0,800,900,200
Ampelocera ruizii,N/A,N/A,N/A,800,1600,1300,N/A
Guettarda pohliana,N/A,N/A,N/A,0,1000,400,N/A
Hedyosmum lechleri,N/A,N/A,N/A,1100,2200,500,N/A
Hydrangea jelskii,N/A,N/A,N/A,800,800,200,N/A
Aspidosperma cylindrocarpon,N/A,N/A,N/A,400,1200,1400,N/A
Aspidosperma macrocarpon,N/A,N/A,N/A,100,1200,400,N/A
Miconia axinaeoides,N/A,N/A,N/A,0,1000,600,N/A
Miconia coelestis,N/A,N/A,N/A,0,1900,200,N/A
Miconia cretacea,N/A,N/A,N/A,600,1000,300,N/A
Miconia elongata,N/A,N/A,N/A,900,2500,1700,N/A
Miconia glomerulifera,N/A,N/A,N/A,0,100,100,N/A
Miconia puberula,N/A,N/A,N/A,600,700,0,N/A
Miconia spennerostachya,N/A,N/A,N/A,1600,1700,1900,N/A
Ocotea jelskii,N/A,N/A,N/A,0,1200,1100,N/A
Ocotea mandonii,N/A,N/A,N/A,0,1100,2000,N/A
Ocotea obovata,N/A,N/A,N/A,1000,3000,0,N/A
Parapiptadenia excelsa,N/A,N/A,N/A,0,500,1900,1100
Parodiodendron marginivillosum,N/A,N/A,N/A,0,N/A,1000,100
Perrottetia gentryi,N/A,N/A,N/A,0,1800,1100,N/A
Persea peruviana,N/A,N/A,N/A,600,1400,1500,N/A
Physocalymma scaberrimum,N/A,N/A,N/A,200,1600,500,N/A
Athyana weinmanniifolia,N/A,N/A,N/A,600,N/A,1200,500
Axinaea lanceolata,N/A,N/A,N/A,400,1000,1300,N/A
Barnadesia caryophylla,N/A,N/A,N/A,100,1300,1300,N/A
Porcelia ponderosa,N/A,N/A,N/A,900,1600,800,N/A
Pouteria macrophylla,N/A,N/A,N/A,0,600,900,N/A
Protium montanum,N/A,N/A,N/A,600,900,1000,N/A
Protium rhynchophyllum,N/A,N/A,N/A,0,700,200,N/A
Ruagea subviridiflora,N/A,N/A,N/A,0,1600,900,N/A
Ruprechtia laxiflora,N/A,N/A,N/A,0,500,N/A,800
Solanum trichoneuron,N/A,N/A,N/A,2200,1900,1200,900
Sorocea guilleminiana,N/A,N/A,N/A,700,1700,1400,N/A
Brunellia brunnea,N/A,N/A,N/A,200,0,0,N/A
Tipuana tipu,N/A,N/A,N/A,0,N/A,2900,2200
Trichilia inaequilatera,N/A,N/A,N/A,200,1400,2000,N/A
Triplaris setosa,N/A,N/A,N/A,700,500,100,N/A
Vochysia haenkeana,N/A,N/A,N/A,400,1400,400,N/A
Weinmannia crassifolia,N/A,N/A,N/A,0,1900,1400,N/A
Weinmannia subsessiliflora,N/A,N/A,N/A,1600,1000,600,N/A
Zanthoxylum tambopatense,N/A,N/A,N/A,0,700,300,N/A
Diatenopteryx sorbifolia,N/A,N/A,N/A,N/A,0,600,700
Enterolobium contortisiliquum,N/A,N/A,N/A,N/A,100,2200,1400
Hebanthe occidentalis,N/A,N/A,N/A,N/A,1800,2100,1300
Aralia soratensis,N/A,N/A,N/A,N/A,2300,1300,300
Myracrodruon urundeuva,N/A,N/A,N/A,N/A,500,1900,300
Myrcianthes pungens,N/A,N/A,N/A,N/A,0,1000,1500
Myrsine laetevirens,N/A,N/A,N/A,N/A,600,1400,500
Nordenstamia repanda,N/A,N/A,N/A,N/A,600,2000,0
Phyllostylon rhamnoides,N/A,N/A,N/A,N/A,500,900,0
Piper tucumanum,N/A,N/A,N/A,N/A,700,1100,1200
Pisonia zapallo,N/A,N/A,N/A,N/A,300,1700,800
Pogonopus tubulosus,N/A,N/A,N/A,N/A,2300,1200,1500
Pseudobombax marginatum,N/A,N/A,N/A,N/A,400,900,0
Randia micracantha,N/A,N/A,N/A,N/A,0,2000,1500
Ruprechtia apetala,N/A,N/A,N/A,N/A,400,2000,1300
Schinopsis brasiliensis,N/A,N/A,N/A,N/A,1200,1100,0
Scutia buxifolia,N/A,N/A,N/A,N/A,400,1000,1000
Sebastiania brasiliensis,N/A,N/A,N/A,N/A,400,1800,1500
Siphoneugena occidentalis,N/A,N/A,N/A,N/A,900,1100,600
Blepharocalyx salicifolius,N/A,N/A,N/A,N/A,2000,2500,1600
Bougainvillea stipitata,N/A,N/A,N/A,N/A,300,2500,1800
Terminalia triflora,N/A,N/A,N/A,N/A,600,1300,900
Ternstroemia brachypoda,N/A,N/A,N/A,N/A,0,100,0
Trichilia claussenii,N/A,N/A,N/A,N/A,1200,1500,1500
Ximenia americana,N/A,N/A,N/A,N/A,400,1600,600
Chrysophyllum gonocarpum,N/A,N/A,N/A,N/A,1200,1900,1200
Chrysophyllum marginatum,N/A,N/A,N/A,N/A,500,1800,800
