Species,Min Elevation Bracket,Max Elevation Bracket
Abatia parviflora,300-399,3600-3699
Acalypha cuneata,100-199,1600-1699
Acalypha diversifolia,100-199,3000-3099
Acalypha macrostachya,200-299,2800-2899
Acalypha stenoloba,400-499,400-499
Acalypha stricta,500-599,1000-1099
Achatocarpus nigricans,200-299,1500-1599
Achatocarpus praecox,1100-1199,1100-1199
Adenocalymma aspericarpum,200-299,500-599
Aegiphila aculeifera,2100-2199,3000-3099
Aegiphila alba,100-199,2200-2299
Aegiphila bogotensis,1200-1299,3400-3499
Aegiphila cuatrecasasii,1800-1899,2300-2399
Aegiphila integrifolia,100-199,2100-2199
Aegiphila laeta,200-299,2300-2399
Aegiphila monticola,2500-2599,3300-3399
Aegiphila panamensis,300-399,2000-2099
Aequatorium jamesonii,3100-3199,3700-3799
Ageratina boyacensis,2500-2599,3300-3399
Ageratina glyptophlebia,2300-2399,3900-3999
Ageratina popayanensis,1000-1099,3600-3699
Ageratina tinifolia,300-399,3900-3999
Agonandra silvatica,300-399,300-399
Agouticarpa williamsii,100-199,2200-2299
Aiouea dubia,100-199,3300-3399
Aiouea formicaria,1700-1799,1700-1799
Aiouea grandifolia,200-299,300-399
Aiouea palaciosii,1900-1999,3000-3099
Aiphanes hirsuta,500-599,2000-2099
Aiphanes horrida,100-199,1400-1499
Aiphanes linearis,2000-2099,2200-2299
Albizia carbonaria,800-899,1500-1599
Albizia niopoides,800-899,1400-1499
Albizia subdimidiata,300-399,800-899
Alchornea acutifolia,300-399,2400-2499
Alchornea bogotensis,1200-1299,2900-2999
Alchornea brittonii,1900-1999,2000-2099
Alchornea coelophylla,800-899,2700-2799
Alchornea costaricensis,100-199,1800-1899
Alchornea floribunda,800-899,800-899
Alchornea glandulosa,100-199,3700-3799
Alchornea grandiflora,100-199,2800-2899
Alchornea grandis,200-299,2000-2099
Alchornea latifolia,200-299,2800-2899
Alchornea megalophylla,800-899,900-999
Alchornea pearcei,1300-1399,2000-2099
Alchornea triplinervia,100-199,3900-3999
Alchornea verticillata,2700-2799,2700-2799
Alchorneopsis floribunda,100-199,900-999
Alfaroa colombiana,1500-1599,2700-2799
Alfaroa williamsii,1200-1299,1600-1699
Alibertia bertierifolia,200-299,900-999
Allophylus amazonicus,100-199,700-799
Allophylus divaricatus,200-299,200-299
Allophylus dodsonii,500-599,500-599
Allophylus edulis,1200-1299,1200-1299
Allophylus excelsus,500-599,2900-2999
Allophylus floribundus,100-199,2400-2499
Allophylus incanus,500-599,2600-2699
Allophylus pilosus,200-299,500-599
Allophylus psilospermus,1600-1699,1600-1699
Allophylus punctatus,700-799,1800-1899
Alnus acuminata,300-399,3500-3599
Alseis blackiana,200-299,500-599
Chrysophyllum venezuelanense,300-399,1700-1799
Ciliosemina pedunculata,100-199,1300-1399
Cinchona antioquiae,900-999,2000-2099
Cinchona calisaya,1200-1299,1200-1299
Cinchona macrocalyx,3000-3099,3000-3099
Cinchona officinalis,1700-1799,2800-2899
Cinchona pubescens,200-299,3000-3099
Cinchona pyrifolia,2000-2099,2000-2099
Cinchonopsis amazonica,200-299,700-799
Cissus trianae,1600-1699,2200-2299
Citharexylum gentryi,100-199,500-599
Citharexylum montanum,1100-1199,3100-3199
Citronella incarum,200-299,2800-2899
Citrus X aurantium,200-299,3200-3299
Citrus limon,200-299,2600-2699
Clarisia biflora,100-199,2100-2199
Clarisia racemosa,100-199,2400-2499
Clavija cauliflora,1800-1899,2200-2299
Clavija clavata,1800-1899,1800-1899
Clavija eggersiana,200-299,2000-2099
Clavija laplanadae,1400-1499,1800-1899
Clavija mezii,1400-1499,1400-1499
Clethra crispa,3300-3399,3500-3599
Clethra fagifolia,900-999,3400-3499
Clethra ferruginea,3000-3099,3000-3099
Clethra fimbriata,300-399,3600-3699
Clethra obovata,2000-2099,2300-2399
Clethra ovalifolia,2600-2699,3600-3699
Clethra pedicellaris,1500-1599,3000-3099
Clethra revoluta,1000-1099,3600-3699
Clethra scabra,2300-2399,2300-2399
Clitoria arborea,300-399,800-899
Clusia alata,1200-1299,3100-3199
Clusia candelabrum,200-299,200-299
Clusia colombiana,700-799,2600-2699
Clusia crenata,1200-1299,3000-3099
Clusia cuneifolia,1100-1199,2900-2999
Clusia decussata,100-199,2400-2499
Clusia dixonii,500-599,2000-2099
Clusia ducu,300-399,3100-3199
Clusia ducuoides,300-399,3000-3099
Clusia elliptica,2100-2199,3400-3499
Clusia flavida,200-299,1900-1999
Clusia hammeliana,100-199,1400-1499
Clusia haughtii,100-199,1800-1899
Clusia hydrogera,300-399,2600-2699
Clusia inesiana,700-799,2900-2999
Clusia lineata,100-199,2700-2799
Clusia minor,100-199,2300-2399
Clusia mocoensis,200-299,2000-2099
Clusia multiflora,600-699,3500-3599
Clusia octandra,200-299,900-999
Clusia palmicida,100-199,1200-1299
Clusia pavonii,2500-2599,2500-2599
Clusia penduliflora,200-299,1800-1899
Clusia pentandra,1300-1399,2200-2299
Clusia schomburgkiana,100-199,2900-2999
Clusia schultesii,100-199,600-699
Clusia sphaerocarpa,400-499,3500-3599
Clusia thurifera,200-299,1200-1299
Clusia trochiformis,1200-1299,1800-1899
Clusia volubilis,2300-2399,3000-3099
Coccoloba acuminata,200-299,700-799
Coccoloba ascendens,100-199,300-399
Coccoloba coronata,300-399,400-499
Coccoloba densifrons,200-299,800-899
Coccoloba excelsa,400-499,1100-1199
Coccoloba lehmannii,300-399,1200-1299
Coccoloba mollis,100-199,1100-1199
Coccoloba obovata,100-199,1300-1399
Coccoloba padiformis,100-199,900-999
Coccoloba peruviana,200-299,200-299
Cochlospermum orinocense,100-199,600-699
Coffea arabica,200-299,2500-2599
Compsoneura mutisii,100-199,3000-3099
Compsoneura rigidifolia,200-299,1300-1399
Conceveiba pleiostemona,1000-1099,1600-1699
Conceveiba terminalis,100-199,1000-1099
Condaminea corymbosa,200-299,2000-2099
Cordia alliodora,200-299,3500-3599
Cordia bicolor,200-299,2100-2199
Cordia bogotensis,1400-1499,2500-2599
Cordia dwyeri,100-199,800-899
Cordia lomatoloba,1100-1199,1100-1199
Cordia lutea,900-999,3500-3599
Cordia nodosa,100-199,1300-1399
Cordia panamensis,200-299,3200-3299
Cordia trichotoma,200-299,200-299
Cordia ucayaliensis,200-299,800-899
Cordiera longicaudata,900-999,1800-1899
Cordiera myrciifolia,200-299,400-499
Cornus peruviana,1400-1499,3000-3099
Cornutia pyramidata,100-199,2500-2599
Cosmibuena grandiflora,200-299,2000-2099
Couma macrocarpa,100-199,800-899
Couratari guianensis,100-199,1600-1699
Couroupita guianensis,100-199,3200-3299
Coussapoa contorta,200-299,3400-3499
Coussapoa crassivenosa,700-799,1100-1199
Coussapoa herthae,200-299,1200-1299
Coussapoa villosa,200-299,2500-2599
Coussarea ecuadorensis,700-799,1900-1999
Coussarea grandifolia,300-399,300-399
Coussarea hirticalyx,300-399,1400-1499
Coussarea klugii,200-299,1000-1099
Coussarea latifolia,100-199,1800-1899
Coussarea macrocalyx,200-299,1000-1099
Coussarea paniculata,300-399,1900-1999
Coussarea tenuiflora,300-399,300-399
Coutarea hexandra,200-299,1000-1099
Crepidospermum rhoifolium,100-199,700-799
Critoniopsis floribunda,2600-2699,2600-2699
Critoniopsis glandulata,2000-2099,2000-2099
Critoniopsis occidentalis,1100-1199,2200-2299
Critoniopsis tungurahuae,1400-1499,1400-1499
Croton floccosus,1300-1399,3300-3399
Croton glabellus,100-199,400-499
Croton gossypiifolius,200-299,2100-2199
Croton lechleri,200-299,2000-2099
Croton mutisianus,400-499,2800-2899
Croton niveus,500-599,500-599
Croton rimbachii,2500-2599,2500-2599
Croton sampatik,200-299,1900-1999
Croton schiedeanus,200-299,1500-1599
Croton smithianus,1000-1099,2000-2099
Croton tessmannii,200-299,1100-1199
Cuatresia cuspidata,500-599,2100-2199
Cuatresia riparia,300-399,2900-2999
Cupania americana,200-299,2500-2599
Cupania cinerea,100-199,3500-3599
Cupania latifolia,100-199,1700-1799
Cupania livida,500-599,2000-2099
Cupania rufescens,300-399,300-399
Cupania scrobiculata,100-199,1400-1499
Curatella americana,100-199,1300-1399
Cyathea andina,400-499,1900-1999
Cyathea austropallescens,1500-1599,1500-1599
Cyathea bipinnatifida,600-699,2500-2599
Cyathea brunnescens,100-199,2200-2299
Cyathea caracasana,300-399,3300-3399
Cyathea catacampta,1800-1899,1800-1899
Cyathea conjugata,1000-1099,2800-2899
Cyathea corallifera,1600-1699,3400-3499
Cyathea crenata,1400-1499,2200-2299
Cyathea cystolepis,1200-1299,2900-2999
Cyathea delgadii,200-299,3000-3099
Cyathea divergens,1400-1499,3300-3399
Cyathea frigida,2800-2899,3400-3499
Cyathea frondosa,2000-2099,3500-3599
Cyathea fulva,1200-1299,3500-3599
Cyathea kalbreyeri,1300-1399,1300-1399
Cyathea lechleri,1800-1899,2500-2599
Cyathea lindeniana,1000-1099,2300-2399
Cyathea meridensis,1200-1299,2500-2599
Cyathea multiflora,300-399,2100-2199
Cyathea nigripes,500-599,2000-2099
Cyathea obnoxia,1500-1599,1500-1599
Cyathea pallescens,1300-1399,3000-3099
Cyathea pauciflora,1200-1299,1500-1599
Cyathea pilosissima,300-399,3100-3199
Cyathea planadae,1500-1599,2500-2599
Cyathea pungens,200-299,1600-1699
Cyathea squamipes,1300-1399,3100-3199
Cyathea straminea,2500-2599,3500-3599
Cybianthus humilis,200-299,2100-2199
Cybianthus iteoides,1200-1299,3700-3799
Cybianthus laurifolius,1500-1599,3400-3499
Cybianthus marginatus,1000-1099,3700-3799
Cybianthus pastensis,700-799,3200-3299
Cybianthus poeppigii,200-299,2200-2299
Cybianthus schlimii,200-299,1900-1999
Cybianthus venezuelanus,300-399,2200-2299
Cynometra bauhiniifolia,100-199,100-199
Cynophalla flexuosa,200-299,1500-1599
Dacryodes belemensis,100-199,300-399
Dacryodes cupularis,100-199,1800-1899
Dacryodes peruviana,200-299,800-899
Daphnopsis equatorialis,1100-1199,1900-1999
Delostoma integrifolium,400-499,2600-2699
Dendrobangia boliviana,100-199,1400-1499
Dendropanax arboreus,100-199,3300-3399
Dendropanax caucanus,200-299,1900-1999
Dendropanax cuneatus,200-299,1300-1399
Dendropanax macrocarpus,1300-1399,2500-2599
Dendropanax macrophyllus,900-999,2600-2699
Dendropanax umbellatus,1600-1699,1600-1699
Dendrophorbium lloense,1300-1399,3300-3399
Dendrophorbium tipocochense,2100-2199,3300-3399
Deprea subtriflora,1400-1499,2600-2699
Dialium guianense,100-199,900-999
Dicksonia karsteniana,300-399,3300-3399
Dicksonia sellowiana,1000-1099,3200-3299
Dictyocaryum lamarckianum,1200-1299,2000-2099
Dieffenbachia seguine,200-299,1500-1599
Dilodendron costaricense,200-299,500-599
Dimorphandra macrostachya,100-199,200-299
Dioicodendron dioicum,500-599,2700-2799
Diospyros artanthifolia,200-299,200-299
Diospyros nigra,100-199,200-299
Diplotropis martiusii,100-199,900-999
Discophora guianensis,100-199,1500-1599
Doliocarpus dentatus,100-199,800-899
Drimys granadensis,1000-1099,3600-3699
Drypetes amazonica,100-199,1000-1099
Duguetia hadrantha,1000-1099,1000-1099
Duguetia surinamensis,100-199,100-199
Dunalia solanacea,1500-1599,3800-3899
Duroia hirsuta,100-199,1400-1499
Duroia laevis,200-299,800-899
Dussia lehmannii,200-299,2400-2499
Dussia macroprophyllata,1800-1899,1800-1899
Dussia tessmannii,300-399,2100-2199
Dystovomita paniculata,200-299,2200-2299
Ecclinusa lanceolata,100-199,1100-1199
Ecclinusa ramiflora,400-499,400-499
Elaeagia ecuadorensis,900-999,1400-1499
Elaeagia karstenii,500-599,2400-2499
Elaeagia mariae,500-599,2900-2999
Elaeagia myriantha,1300-1399,2300-2399
Elaeagia pastoensis,300-399,2300-2399
Elaeagia utilis,600-699,2600-2699
Elaeoluma glabrescens,100-199,400-499
Endlicheria formosa,100-199,2200-2299
Endlicheria gracilis,200-299,1400-1499
Endlicheria griseo-sericea,700-799,1900-1999
Endlicheria griseosericea,700-799,1900-1999
Endlicheria krukovii,200-299,600-699
Endlicheria lorastemon,200-299,200-299
Endlicheria macrophylla,200-299,200-299
Endlicheria metallica,200-299,1500-1599
Endlicheria oreocola,200-299,200-299
Endlicheria pyriformis,200-299,1800-1899
Endlicheria sericea,200-299,1600-1699
Endlicheria tessmannii,200-299,200-299
Entada gigas,100-199,1200-1299
Enterolobium cyclocarpum,200-299,2200-2299
Enterolobium schomburgkii,200-299,800-899
Eriotheca globosa,200-299,500-599
Eriotheca macrophylla,200-299,300-399
Erythrina amazonica,300-399,1100-1199
Erythrina edulis,100-199,3400-3499
Erythrina poeppigiana,200-299,2000-2099
Erythrina ulei,200-299,800-899
Erythroxylum citrifolium,100-199,2300-2399
Erythroxylum gracilipes,200-299,1200-1299
Erythroxylum hondense,300-399,1500-1599
Erythroxylum macrophyllum,100-199,1800-1899
Erythroxylum squamatum,600-699,1800-1899
Escallonia myrtilloides,2100-2199,3900-3999
Escallonia paniculata,900-999,3200-3299
Escallonia pendula,900-999,2600-2699
Eschweilera albiflora,100-199,1300-1399
Eschweilera andina,100-199,1800-1899
Eschweilera antioquensis,300-399,2200-2299
Eschweilera bogotensis,1800-1899,2000-2099
Eschweilera bracteosa,100-199,600-699
Eschweilera caudiculata,100-199,3300-3399
Eschweilera coriacea,100-199,1500-1599
Eschweilera panamensis,1200-1299,1200-1299
Eschweilera rimbachii,100-199,1800-1899
Eschweilera sessilis,1900-1999,2600-2699
Eugenia anastomosans,100-199,1900-1999
Eugenia biflora,100-199,1800-1899
Eugenia crassimarginata,100-199,2700-2799
Eugenia dittocrepis,300-399,1600-1699
Eugenia egensis,200-299,700-799
Eugenia feijoi,200-299,500-599
Eugenia florida,100-199,3200-3299
Eugenia muricata,300-399,800-899
Eugenia oerstediana,200-299,1000-1099
Eugenia uniflora,1200-1299,2600-2699
Euphorbia arenaria,900-999,2500-2599
Euplassa duquei,100-199,2500-2599
Euterpe precatoria,100-199,1400-1499
Faramea ampla,300-399,1700-1799
Faramea anisocalyx,200-299,1500-1599
Faramea bangii,1600-1699,1600-1699
Faramea calyptrata,800-899,2400-2499
Faramea capillipes,200-299,1300-1399
Faramea cuspidata,200-299,1900-1999
Faramea eurycarpa,200-299,2700-2799
Faramea fragrans,200-299,400-499
Faramea jasminoides,200-299,3000-3099
Faramea langlassei,200-299,1800-1899
Faramea multiflora,100-199,3000-3099
Faramea oblongifolia,200-299,2600-2699
Faramea occidentalis,100-199,1900-1999
Faramea parvibractea,100-199,1400-1499
Faramea quinqueflora,300-399,3000-3099
Faramea torquata,200-299,400-499
Ferdinandusa chlorantha,200-299,1400-1499
Ferdinandusa guainiae,200-299,400-499
Ferdinandusa loretensis,200-299,600-699
Ficus americana,100-199,3900-3999
Ficus apollinaris,100-199,1900-1999
Ficus brevibracteata,200-299,2100-2199
Ficus carchiana,800-899,1800-1899
Ficus casapiensis,2600-2699,2600-2699
Ficus cervantesiana,900-999,1900-1999
Ficus citrifolia,300-399,2300-2399
Ficus coerulescens,700-799,1900-1999
Ficus crassiuscula,500-599,600-699
Ficus crocata,200-299,1800-1899
Ficus cuatrecasana,500-599,3000-3099
Ficus cuatrecasasiana,200-299,2600-2699
Ficus donnell-smithii,200-299,600-699
Ficus dulciaria,1600-1699,2800-2899
Ficus eximia,400-499,1500-1599
Ficus gigantosyce,1900-1999,2600-2699
Ficus gomelleira,100-199,1500-1599
Ficus guianensis,100-199,2100-2199
Ficus hartwegii,200-299,1900-1999
Ficus insipida,100-199,3000-3099
Ficus krukovii,200-299,2100-2199
Ficus lacunata,2000-2099,2400-2499
Ficus macbridei,100-199,1700-1799
Ficus mathewsii,100-199,300-399
Ficus maxima,100-199,2300-2399
Ficus mutisii,200-299,2300-2399
Ficus obtusifolia,200-299,2000-2099
Ficus pallida,300-399,3500-3599
Ficus paraensis,200-299,1800-1899
Ficus pertusa,100-199,1500-1599
Ficus popenoei,200-299,200-299
Ficus schippii,100-199,1800-1899
Ficus tonduzii,100-199,3000-3099
Ficus trapezicola,1400-1499,1400-1499
Ficus trianae,100-199,1200-1299
Ficus trigona,100-199,2100-2199
Ficus velutina,800-899,3200-3299
Frangula goudotiana,2100-2199,3300-3399
Frangula granulosa,800-899,2700-2799
Frangula sphaerosperma,1900-1999,3000-3099
Freziera candicans,1400-1499,2300-2399
Freziera canescens,600-699,3800-3899
Freziera chrysophylla,1500-1599,2500-2599
Freziera karsteniana,2900-2999,3000-3099
Freziera punctata,2300-2399,3500-3599
Freziera reticulata,1700-1799,3500-3599
Freziera verrucosa,1000-1099,3000-3099
Fusaea longifolia,100-199,2000-2099
Gaiadendron punctatum,100-199,3800-3899
Garcinia intermedia,200-299,1800-1899
Garcinia macrophylla,100-199,1900-1999
Garcinia madruno,100-199,2600-2699
Geissanthus ambigua,900-999,2700-2799
Geissanthus andinus,2500-2599,3600-3699
Alseis peruviana,200-299,300-399
Alsophila cuspidata,200-299,1400-1499
Alsophila engelii,1800-1899,2700-2799
Alsophila erinacea,300-399,2500-2599
Alsophila incana,800-899,1900-1999
Alzatea verticillata,600-699,2700-2799
Amaioua guianensis,200-299,900-999
Amanoa oblongifolia,100-199,1400-1499
Ampelocera edentula,100-199,1000-1099
Ampelocera longissima,1200-1299,1200-1299
Ampelocera ruizii,200-299,200-299
Amphirrhox longifolia,100-199,400-499
Amyris ignea,1500-1599,1500-1599
Amyris pinnata,300-399,1500-1599
Amyris sylvatica,200-299,900-999
Anacardium excelsum,200-299,2200-2299
Anacardium giganteum,200-299,200-299
Anacardium occidentale,100-199,1300-1399
Anaxagorea brevipes,100-199,900-999
Andira chigorodensis,1700-1799,1700-1799
Andira inermis,200-299,1800-1899
Andira multistipula,400-499,400-499
Andira surinamensis,100-199,700-799
Andira taurotesticulata,200-299,2000-2099
Aniba canelilla,100-199,900-999
Aniba coto,1000-1099,3000-3099
Aniba hostmanniana,200-299,1900-1999
Aniba muca,200-299,2200-2299
Aniba panurensis,100-199,3000-3099
Aniba perutilis,100-199,1900-1999
Aniba puchury-minor,200-299,2000-2099
Aniba riparia,800-899,1900-1999
Aniba robusta,400-499,2100-2199
Annona amazonica,200-299,600-699
Annona ambotay,100-199,1300-1399
Annona cherimola,100-199,2800-2899
Annona cuspidata,200-299,1000-1099
Annona deceptrix,300-399,1200-1299
Geissanthus bogotensis,1500-1599,3300-3399
Geissanthus ecuadorensis,800-899,2400-2499
Geissanthus fragrans,1600-1699,1600-1699
Geissanthus longistamineus,100-199,2900-2999
Geissanthus occidentalis,600-699,3000-3099
Geissanthus pichinchae,1500-1599,2500-2599
Geissanthus vanderwerffii,600-699,3200-3299
Genipa americana,100-199,1600-1699
Geoffroea spinosa,900-999,1000-1099
Geonoma deversa,100-199,2600-2699
Geonoma orbignyana,400-499,2600-2699
Geonoma undata,200-299,3100-3199
Gloeospermum longifolium,100-199,1800-1899
Gloeospermum sphaerocarpum,200-299,1900-1999
Glossoloma tetragonoides,300-399,3000-3099
Godmania aesculifolia,200-299,500-599
Gonzalagunia cornifolia,100-199,2500-2599
Gonzalagunia dicocca,200-299,1800-1899
Gordonia fruticosa,100-199,3400-3499
Goupia glabra,100-199,400-499
Graffenrieda cucullata,500-599,2800-2899
Graffenrieda emarginata,2000-2099,2200-2299
Graffenrieda galeottii,200-299,1500-1599
Graffenrieda gracilis,200-299,2000-2099
Graffenrieda intermedia,700-799,1600-1699
Graffenrieda latifolia,1500-1599,1500-1599
Grias haughtii,200-299,1400-1499
Grias peruviana,100-199,800-899
Grias theobromicarpa,1500-1599,1500-1599
Grosvenoria rimbachii,2800-2899,3700-3799
Guapira costaricana,200-299,1900-1999
Guapira noxia,200-299,200-299
Guarea cartaguenya,200-299,1800-1899
Guarea glabra,100-199,2000-2099
Guarea gomma,100-199,1500-1599
Guarea grandifolia,200-299,2500-2599
Guarea guidonia,100-199,2000-2099
Guarea kunthiana,100-199,3000-3099
Guarea macrophylla,200-299,1800-1899
Guarea pterorhachis,200-299,1000-1099
Guarea purusana,500-599,2300-2399
Guarea pyriformis,500-599,1400-1499
Guarea silvatica,200-299,1400-1499
Guatteria amplifolia,100-199,2600-2699
Guatteria blepharophylla,100-199,1700-1799
Guatteria boliviana,200-299,700-799
Guatteria cargadero,200-299,1900-1999
Guatteria cestrifolia,300-399,500-599
Guatteria duodecima,1000-1099,1000-1099
Guatteria glauca,200-299,700-799
Guatteria goudotiana,900-999,3000-3099
Guatteria hirsuta,200-299,2000-2099
Guatteria hyposericea,500-599,700-799
Guatteria megalophylla,100-199,1400-1499
Guatteria pichinchae,1100-1199,1100-1199
Guatteria pittieri,100-199,1800-1899
Guatteria punctata,100-199,1800-1899
Guatteria recurvisepala,400-499,1300-1399
Guatteria schomburgkiana,100-199,800-899
Guatteria venosa,200-299,1000-1099
Guazuma ulmifolia,100-199,1500-1599
Guettarda aromatica,200-299,700-799
Guettarda crispiflora,100-199,3300-3399
Guettarda dependens,900-999,2900-2999
Guettarda malacophylla,200-299,200-299
Guettarda roupalifolia,1200-1299,1200-1299
Guettarda sanblasensis,100-199,600-699
Guettarda tournefortiopsis,1000-1099,2900-2999
Gustavia hexapetala,100-199,1600-1699
Gustavia nana,500-599,500-599
Gustavia poeppigiana,100-199,1000-1099
Gustavia romeroi,300-399,300-399
Gustavia speciosa,200-299,1100-1199
Gustavia superba,100-199,1800-1899
Handroanthus chrysanthus,200-299,1800-1899
Handroanthus impetiginosus,100-199,100-199
Handroanthus obscurus,100-199,300-399
Handroanthus ochraceus,300-399,1600-1699
Handroanthus serratifolius,300-399,1200-1299
Hasseltia floribunda,100-199,2500-2599
Hasseltia lateriflora,1800-1899,2000-2099
Haydenoxylon gentryi,800-899,2600-2699
Hebeclinium phoenicticum,1500-1599,2900-2999
Hebepetalum humiriifolium,200-299,300-399
Hedyosmum angustifolium,2700-2799,2700-2799
Hedyosmum anisodorum,1900-1999,2200-2299
Hedyosmum bonplandianum,700-799,3200-3299
Hedyosmum crenatum,900-999,3000-3099
Hedyosmum cuatrecazanum,200-299,3300-3399
Hedyosmum cumbalense,500-599,3700-3799
Hedyosmum goudotianum,500-599,3200-3299
Hedyosmum luteynii,500-599,3600-3699
Hedyosmum parvifolium,2600-2699,3400-3499
Hedyosmum racemosum,200-299,3500-3599
Hedyosmum scaberrimum,100-199,2000-2099
Hedyosmum scabrum,1800-1899,3100-3199
Hedyosmum sprucei,700-799,2400-2499
Hedyosmum translucidum,1300-1399,3200-3299
Heisteria acuminata,100-199,1900-1999
Heisteria asplundii,200-299,2200-2299
Heisteria duckei,100-199,600-699
Heisteria latifolia,600-699,1200-1299
Heisteria nitida,200-299,1400-1499
Heisteria pacifica,100-199,1000-1099
Heliconia nigripraefixa,200-299,800-899
Helicostylis elegans,200-299,1400-1499
Helicostylis scabra,100-199,300-399
Helicostylis tomentosa,100-199,2500-2599
Helicostylis tovarensis,300-399,2100-2199
Helicteres baruensis,300-399,1500-1599
Heliocarpus americanus,200-299,2800-2899
Henriettea fissanthera,200-299,300-399
Henriettea trachyphylla,400-499,2000-2099
Henriettea verrucosa,200-299,1300-1399
Hernandia didymantha,200-299,500-599
Herrania balaensis,100-199,800-899
Hesperomeles ferruginea,200-299,3900-3999
Hesperomeles goudotiana,2500-2599,3900-3999
Hesperomeles obtusifolia,1600-1699,3900-3999
Hevea guianensis,200-299,900-999
Hieronyma alchorneoides,100-199,2100-2199
Hieronyma antioquensis,1500-1599,2000-2099
Hieronyma asperifolia,400-499,2100-2199
Hieronyma duquei,500-599,3000-3099
Hieronyma fendleri,600-699,3000-3099
Hieronyma huilensis,1100-1199,3000-3099
Hieronyma macrocarpa,800-899,3300-3399
Hieronyma oblonga,100-199,2600-2699
Hieronyma rufa,2500-2599,3000-3099
Hieronyma scabra,1500-1599,2700-2799
Hieronyma scabrida,1600-1699,2800-2899
Hillia parasitica,500-599,2700-2799
Himatanthus articulatus,100-199,900-999
Hippotis albiflora,200-299,1600-1699
Hippotis brevipes,200-299,1900-1999
Hirtella bicornis,100-199,600-699
Hirtella eriandra,2100-2199,2100-2199
Hirtella macrophylla,200-299,300-399
Hirtella mutisii,100-199,500-599
Hirtella pilosissima,200-299,200-299
Hirtella racemosa,100-199,800-899
Hirtella triandra,200-299,600-699
Hirtella tubiflora,500-599,1000-1099
Hoffmannia longipetiolata,300-399,2800-2899
Hortia brasiliana,300-399,500-599
Huberodendron patinoi,100-199,500-599
Huertea glandulosa,600-699,2100-2199
Hura crepitans,200-299,1900-1999
Hymenaea courbaril,100-199,2000-2099
Hymenaea oblongifolia,200-299,1300-1399
Hymenopus heteromorphus,100-199,1100-1199
Hyospathe elegans,100-199,1800-1899
Ilex andicola,2800-2899,3300-3399
Ilex colombiana,3100-3199,3500-3599
Ilex danielis,2800-2899,3400-3499
Ilex guayusa,300-399,2000-2099
Ilex karstenii,2600-2699,2600-2699
Ilex laurina,1600-1699,3100-3199
Ilex myricoides,2600-2699,3500-3599
Ilex nervosa,2200-2299,3300-3399
Ilex pernervata,1800-1899,3300-3399
Inga acreana,200-299,2400-2499
Inga acrocephala,200-299,2100-2199
Inga acuminata,100-199,2500-2599
Inga alba,100-199,1000-1099
Inga auristellae,100-199,1000-1099
Inga bourgonii,1300-1399,1300-1399
Inga capitata,100-199,1600-1699
Inga chartacea,100-199,1400-1499
Inga cinnamomea,200-299,1800-1899
Inga cocleensis,200-299,3000-3099
Inga cordatoalata,100-199,1400-1499
Inga cordistipula,200-299,200-299
Inga coruscans,100-199,2500-2599
Inga densiflora,100-199,3500-3599
Inga edulis,100-199,2300-2399
Inga fendleriana,1600-1699,1600-1699
Inga feuillei,1200-1299,2100-2199
Inga heterophylla,100-199,1200-1299
Inga lallensis,100-199,2300-2399
Inga laurina,100-199,1800-1899
Inga lopadadenia,300-399,1300-1399
Inga macrophylla,100-199,1300-1399
Inga marginata,100-199,2500-2599
Inga mucuna,700-799,700-799
Inga multicaulis,300-399,1800-1899
Inga multijuga,200-299,2200-2299
Inga multinervis,200-299,1800-1899
Inga nobilis,100-199,2500-2599
Inga oerstediana,100-199,2200-2299
Inga pezizifera,200-299,1800-1899
Inga pruriens,200-299,200-299
Inga punctata,100-199,3000-3099
Inga ruiziana,200-299,1900-1999
Inga sapindoides,100-199,2300-2399
Inga sertulifera,100-199,1700-1799
Inga setosa,100-199,300-399
Inga sierrae,1400-1499,2300-2399
Inga silanchensis,200-299,1500-1599
Inga spectabilis,100-199,1500-1599
Inga stenoptera,200-299,1600-1699
Inga striata,1400-1499,2200-2299
Inga thibaudiana,100-199,1200-1299
Inga tomentosa,1900-1999,1900-1999
Inga umbellifera,100-199,1600-1699
Inga velutina,100-199,1900-1999
Inga venusta,200-299,1800-1899
Inga vera,200-299,3200-3299
Inga villosissima,1500-1599,2500-2599
Iochroma calycinum,1800-1899,2700-2799
Iriartea deltoidea,100-199,2700-2799
Iryanthera hostmannii,100-199,600-699
Iryanthera juruensis,100-199,900-999
Iryanthera lancifolia,200-299,900-999
Iryanthera paraensis,100-199,400-499
Iryanthera ulei,100-199,300-399
Isertia laevis,100-199,2000-2099
Ixora panurensis,100-199,1400-1499
Jacaranda caucana,200-299,3200-3299
Jacaranda copaia,200-299,1200-1299
Jacaranda glabra,200-299,800-899
Jacaranda hesperia,200-299,1000-1099
Jacaranda macrocarpa,300-399,400-499
Jacaranda mimosifolia,700-799,1000-1099
Jacaranda obtusifolia,100-199,1100-1199
Jacaratia chocoensis,700-799,700-799
Jacaratia digitata,100-199,1600-1699
Joosia umbellifera,300-399,2200-2299
Juglans neotropica,600-699,3500-3599
Kotchubaea sericantha,100-199,300-399
Lacistema aggregatum,100-199,2000-2099
Lacistema nena,100-199,1000-1099
Lacmellea edulis,100-199,1500-1599
Lacunaria crenata,400-499,1700-1799
Ladenbergia heterophylla,500-599,2300-2399
Ladenbergia macrocarpa,300-399,3000-3099
Ladenbergia macrophylla,1400-1499,1400-1499
Ladenbergia muzonensis,200-299,2100-2199
Ladenbergia oblongifolia,200-299,2500-2599
Lafoensia acuminata,100-199,2600-2699
Lecointea amazonica,400-499,400-499
Lecythis ampla,200-299,1600-1699
Lecythis minor,900-999,900-999
Lecythis tuyrana,300-399,500-599
Leonia crassa,200-299,900-999
Leonia glycycarpa,100-199,1000-1099
Leonia occidentalis,200-299,300-399
Leonia triandra,100-199,700-799
Leucaena trichodes,100-199,3200-3299
Licania canescens,400-499,600-699
Licania harlingii,100-199,700-799
Licania hypoleuca,100-199,900-999
Licania micrantha,100-199,700-799
Licania octandra,300-399,400-499
Licaria applanata,800-899,2100-2199
Licaria canella,100-199,1600-1699
Licaria cannella,100-199,1600-1699
Licaria triandra,800-899,2200-2299
Ligustrum lucidum,2500-2599,2900-2999
Lindackeria laurina,300-399,800-899
Lindackeria paludosa,100-199,1500-1599
Lippia americana,800-899,800-899
Lippia hirsuta,300-399,2900-2999
Lonchocarpus macrophyllus,300-399,1100-1199
Lonchocarpus sericeus,800-899,1200-1299
Lozanella enantiophylla,2300-2399,3400-3499
Lozania mutisiana,200-299,2500-2599
Luehea seemannii,200-299,1200-1299
Lunania parviflora,200-299,700-799
Lycianthes inaequilatera,200-299,2700-2799
Lycianthes pauciflora,100-199,2000-2099
Mabea occidentalis,100-199,1600-1699
Mabea trianae,100-199,1600-1699
Machaerium biovulatum,2100-2199,2100-2199
Machaerium capote,200-299,1100-1199
Machaerium floribundum,200-299,900-999
Machaerium hirtum,200-299,200-299
Machaerium mutisii,200-299,200-299
Macleania rupestris,300-399,3900-3999
Maclura tinctoria,100-199,3000-3099
Macrocarpaea glabra,2200-2299,3600-3699
Macrocarpaea macrophylla,900-999,3100-3199
Macrocnemum grandiflorum,1100-1199,1100-1199
Macrocnemum roseum,800-899,2700-2799
Macrolobium colombianum,200-299,2200-2299
Macrolobium gracile,100-199,400-499
Macrolobium limbatum,200-299,600-699
Magnolia gilbertoi,1800-1899,3200-3299
Magnolia mashpi,1000-1099,1000-1099
Malpighia glabra,200-299,1500-1599
Manilkara bidentata,100-199,900-999
Maprounea guianensis,100-199,1200-1299
Maquira calophylla,100-199,900-999
Maquira guianensis,100-199,2500-2599
Marcgraviastrum macrocarpum,1600-1699,1800-1899
Margaritaria nobilis,200-299,2200-2299
Marila laxiflora,200-299,2000-2099
Marila podantha,100-199,700-799
Matayba adenanthera,200-299,300-399
Matayba arborescens,200-299,400-499
Matayba elegans,100-199,2000-2099
Matayba guianensis,100-199,1500-1599
Matayba peruviana,500-599,1100-1199
Matayba purgans,200-299,1800-1899
Matayba scrobiculata,100-199,500-599
Matisia castano,200-299,1800-1899
Matisia coloradorum,800-899,1700-1799
Matisia cornu-copiae,200-299,2100-2199
Matisia floccosa,500-599,2300-2399
Matisia giacomettoi,100-199,800-899
Matisia idroboi,200-299,1900-1999
Matisia malacocalyx,100-199,1800-1899
Matudaea colombiana,1700-1799,1900-1999
Mauria ferruginea,200-299,2800-2899
Mauria heterophylla,300-399,3200-3299
Mauria simplicifolia,800-899,3300-3399
Mauritia flexuosa,100-199,600-699
Mayna grandifolia,400-499,400-499
Mayna odorata,100-199,1500-1599
Mayna suaveolens,300-399,500-599
Maytenus verticillata,2200-2299,3300-3399
Melicoccus bijugatus,300-399,1000-1099
Melicoccus oliviformis,200-299,300-399
Meliosma bogotana,1900-1999,3200-3299
Meliosma boliviensis,1900-1999,2700-2799
Meliosma echeverryana,1800-1899,2300-2399
Meliosma frondosa,1700-1799,3300-3399
Meliosma glabrata,200-299,200-299
Meliosma glossophylla,2600-2699,2700-2799
Meliosma herbertii,600-699,1300-1399
Meliosma occidentalis,100-199,2000-2099
Meliosma peytonii,2100-2199,2100-2199
Annona edulis,100-199,1600-1699
Annona hypoglauca,100-199,600-699
Annona jahnii,200-299,600-699
Annona montana,200-299,1600-1699
Annona mucosa,100-199,2000-2099
Annona muricata,200-299,3000-3099
Annona papilionella,100-199,1800-1899
Annona quinduensis,700-799,2600-2699
Annona rensoniana,200-299,1400-1499
Anthodiscus klugii,300-399,600-699
Aparisthmium cordatum,100-199,1500-1599
Apeiba glabra,100-199,1100-1199
Apeiba membranacea,100-199,900-999
Apeiba tibourbou,100-199,600-699
Aphelandra acanthus,700-799,3300-3399
Aphelandra glabrata,200-299,1100-1199
Aphelandra pulcherrima,100-199,1100-1199
Aphelandra runcinata,1200-1299,3200-3299
Aptandra tubicina,100-199,600-699
Arachnothryx colombiana,1600-1699,2300-2399
Aralia excelsa,300-399,300-399
Ardisia foetida,200-299,2600-2699
Ardisia guianensis,100-199,2200-2299
Aspidosperma cuspa,300-399,1200-1299
Aspidosperma desmanthum,100-199,1300-1399
Aspidosperma excelsum,100-199,1700-1799
Aspidosperma macrocarpon,500-599,500-599
Aspidosperma megalocarpon,200-299,1400-1499
Aspidosperma polyneuron,200-299,500-599
Aspidosperma schultesii,100-199,600-699
Aspidosperma spruceanum,100-199,1500-1599
Asplundia schizotepala,1500-1599,1500-1599
Astronium graveolens,200-299,1700-1799
Astronium lecointei,300-399,300-399
Meliosma schlimii,2000-2099,2300-2399
Meliosma vasquezii,200-299,700-799
Meliosma violacea,600-699,2600-2699
Meriania brachycera,1200-1299,3300-3399
Meriania grandidens,1600-1699,2000-2099
Meriania longifolia,700-799,2300-2399
Meriania maxima,1300-1399,2900-2999
Meriania mutisii,2500-2599,3200-3299
Meriania nobilis,2000-2099,2800-2899
Meriania pichinchensis,2000-2099,2000-2099
Meriania quintuplinervis,1800-1899,2500-2599
Meriania rigida,2200-2299,2200-2299
Meriania tomentosa,1000-1099,3100-3199
Miconia affinis,200-299,3100-3199
Miconia albicans,100-199,1800-1899
Miconia alpina,2500-2599,2500-2599
Miconia alternans,200-299,800-899
Miconia aponeura,200-299,1300-1399
Miconia asperrima,1200-1299,3300-3399
Miconia astroplocama,200-299,500-599
Miconia aulocalyx,300-399,700-799
Miconia biappendiculata,300-399,3400-3499
Miconia biglandulosa,100-199,800-899
Miconia brachycalyx,200-299,3200-3299
Miconia bracteolata,2500-2599,3700-3799
Miconia brevitheca,200-299,3500-3599
Miconia caesia,1300-1399,2700-2799
Miconia calophylla,3200-3299,3200-3299
Miconia calvescens,200-299,1500-1599
Miconia caudata,200-299,2700-2799
Miconia centrodesma,100-199,3700-3799
Miconia chlorocarpa,2600-2699,3800-3899
Miconia chrysophylla,200-299,600-699
Miconia cladonia,2100-2199,3900-3999
Miconia clathrantha,1400-1499,2300-2399
Miconia corymbiformis,400-499,3700-3799
Miconia costaricensis,1600-1699,2300-2399
Miconia crassinervia,200-299,500-599
Miconia cundinamarcensis,2100-2199,3300-3399
Miconia dapsiliflora,1600-1699,2200-2299
Miconia decurrens,300-399,1300-1399
Miconia denticulata,2000-2099,3400-3499
Miconia divergens,1500-1599,1900-1999
Miconia dodecandra,300-399,2100-2199
Miconia dolichopoda,1500-1599,3100-3199
Miconia dolichorrhyncha,200-299,2600-2699
Miconia donaeana,500-599,600-699
Miconia elata,100-199,3500-3599
Miconia explicita,200-299,800-899
Miconia ferruginea,2400-2499,3200-3299
Miconia floribunda,1000-1099,2800-2899
Miconia glaucescens,700-799,900-999
Miconia goniostigma,200-299,2200-2299
Miconia gracilis,200-299,2000-2099
Miconia ibaguensis,200-299,2100-2199
Miconia jahnii,2100-2199,3600-3699
Miconia juruensis,300-399,400-499
Miconia laetivirens,1800-1899,2700-2799
Miconia lamprophylla,100-199,2000-2099
Miconia lasiocalyx,2000-2099,2400-2499
Miconia latifolia,2800-2899,3900-3999
Miconia lehmannii,800-899,3900-3999
Miconia ligustrina,300-399,3700-3799
Miconia lonchophylla,700-799,2700-2799
Miconia longifolia,100-199,2800-2899
Miconia matthaei,200-299,500-599
Miconia media,2700-2799,2700-2799
Miconia micropetala,1800-1899,3000-3099
Miconia minutiflora,100-199,1400-1499
Miconia mirabilis,100-199,1000-1099
Miconia multiplinervia,200-299,3200-3299
Miconia myriantha,800-899,800-899
Miconia myrtillifolia,2200-2299,3300-3399
Miconia notabilis,400-499,2800-2899
Miconia ochracea,700-799,3500-3599
Miconia orcheotoma,2900-2999,3700-3799
Miconia orescia,900-999,3500-3599
Miconia plena,2000-2099,2100-2199
Miconia poeppigii,100-199,700-799
Miconia prasina,100-199,3500-3599
Miconia pterocaulon,100-199,1400-1499
Miconia punctata,100-199,1900-1999
Miconia pustulata,1800-1899,3100-3199
Miconia quintuplinervia,2100-2199,2300-2399
Miconia reducens,100-199,1600-1699
Miconia resima,900-999,2700-2799
Miconia rivetii,1200-1299,2500-2599
Miconia serrulata,100-199,1400-1499
Miconia smaragdina,200-299,2400-2499
Miconia smithii,1600-1699,1600-1699
Miconia spicellata,200-299,1700-1799
Miconia splendens,100-199,1800-1899
Miconia superposita,2600-2699,2800-2899
Miconia ternatifolia,200-299,1000-1099
Miconia theizans,200-299,3500-3599
Miconia tinifolia,2000-2099,3600-3699
Miconia tonduzii,1200-1299,2400-2499
Miconia trinervia,100-199,1800-1899
Miconia wurdackii,2000-2099,3100-3199
Micropholis egensis,300-399,1300-1399
Micropholis grandiflora,100-199,100-199
Micropholis guyanensis,100-199,1600-1699
Micropholis melinoniana,200-299,1100-1199
Micropholis venulosa,100-199,1400-1499
Minquartia guianensis,100-199,1200-1299
Mollinedia killipii,600-699,1600-1699
Mollinedia lanceolata,500-599,500-599
Mollinedia ovata,400-499,2500-2599
Mollinedia tomentosa,400-499,2200-2299
Monnina aestuans,1400-1499,3900-3999
Monnina pseudopilosa,1200-1299,3300-3399
Morella parvifolia,300-399,3800-3899
Morella pubescens,100-199,3700-3799
Morisonia americana,200-299,900-999
Morus alba,200-299,2600-2699
Mouriri nigra,200-299,300-399
Muntingia calabura,200-299,3500-3599
Myrcia cucullata,600-699,2800-2899
Myrcia egensis,1100-1199,1100-1199
Myrcia mollis,1800-1899,1800-1899
Myrcia neesiana,1000-1099,2200-2299
Myrcia paivae,100-199,3500-3599
Myrcia paive,100-199,3500-3599
Myrcia popayanensis,600-699,2500-2599
Myrcia splendens,100-199,2600-2699
Myrcia sylvatica,200-299,1100-1199
Myrcianthes alaternifolia,2200-2299,3100-3199
Myrcianthes karsteniana,2500-2599,2500-2599
Myrcianthes myrsinoides,2500-2599,2900-2999
Myrcianthes orthostemon,1700-1799,3300-3399
Myrcianthes rhopaloides,1500-1599,3400-3499
Myriocarpa stipitata,200-299,3000-3099
Myroxylon balsamum,300-399,1400-1499
Myroxylon peruiferum,1000-1099,1200-1299
Myrsine andina,900-999,3900-3999
Myrsine coriacea,800-899,3500-3599
Myrsine dependens,1400-1499,3900-3999
Myrsine guianensis,200-299,3500-3599
Myrsine latifolia,400-499,3100-3199
Myrsine oligophylla,2000-2099,2000-2099
Myrsine pellucida,1000-1099,3700-3799
Myrsine pellucidopunctata,200-299,3300-3399
Naucleopsis capirensis,200-299,2000-2099
Naucleopsis chiguila,200-299,700-799
Naucleopsis concinna,600-699,600-699
Naucleopsis glabra,200-299,2300-2399
Naucleopsis krukovii,200-299,900-999
Naucleopsis naga,200-299,2100-2199
Naucleopsis ulei,100-199,1000-1099
Nealchornea yapurensis,100-199,700-799
Nectandra acuminata,200-299,500-599
Nectandra acutifolia,200-299,3000-3099
Nectandra cissiflora,800-899,800-899
Nectandra cuspidata,100-199,1000-1099
Nectandra discolor,1800-1899,2800-2899
Nectandra laurel,1200-1299,3300-3399
Nectandra lineata,200-299,2800-2899
Nectandra lineatifolia,200-299,3000-3099
Nectandra longifolia,300-399,1700-1799
Nectandra membranacea,200-299,2400-2499
Nectandra obtusata,200-299,3300-3399
Nectandra reticulata,300-399,2600-2699
Neea divaricata,100-199,1900-1999
Neea floribunda,200-299,1400-1499
Neea macrophylla,200-299,1100-1199
Neea ovalifolia,100-199,800-899
Neea parviflora,300-399,1100-1199
Neea spruceana,100-199,1100-1199
Neea virens,700-799,1200-1299
Norantea guianensis,200-299,2000-2099
Notopleura macrophylla,100-199,2800-2899
Notopleura siggersiana,1200-1299,2900-2999
Ochroma pyramidale,100-199,3300-3399
Ocotea aciphylla,100-199,2700-2799
Ocotea arnottiana,3300-3399,3300-3399
Ocotea benthamiana,2100-2199,3000-3099
Ocotea bofo,300-399,1500-1599
Ocotea cernua,100-199,1800-1899
Ocotea costulata,300-399,600-699
Ocotea cuneifolia,200-299,3000-3099
Ocotea floccifera,300-399,1800-1899
Ocotea floribunda,100-199,2800-2899
Ocotea guianensis,100-199,3400-3499
Ocotea infrafoveolata,2800-2899,3600-3699
Ocotea insularis,100-199,3000-3099
Ocotea javitensis,100-199,1800-1899
Ocotea jelskii,2800-2899,2800-2899
Ocotea karsteniana,1900-1999,2600-2699
Ocotea leucoxylon,200-299,1900-1999
Ocotea longifolia,100-199,2900-2999
Ocotea macropoda,500-599,2600-2699
Ocotea micans,2100-2199,2300-2399
Ocotea multinervis,2600-2699,2900-2999
Ocotea oblonga,200-299,2600-2699
Ocotea olivacea,300-399,300-399
Ocotea oreophila,3100-3199,3100-3199
Ocotea pacifica,200-299,2400-2499
Ocotea pichinchensis,1200-1299,1200-1299
Ocotea puberula,200-299,2100-2199
Ocotea rufa,1900-1999,3000-3099
Ocotea rugosa,1200-1299,2200-2299
Ocotea sericea,1700-1799,3900-3999
Ocotea smithiana,1800-1899,2900-2999
Ocotea tessmannii,400-499,2000-2099
Oenocarpus bacaba,200-299,600-699
Oenocarpus bataua,100-199,1000-1099
Oenocarpus mapora,200-299,3700-3799
Oenocarpus minor,100-199,2400-2499
Olmedia aspera,200-299,3200-3299
Oreocallis grandiflora,2200-2299,2200-2299
Oreopanax albanensis,1800-1899,2500-2599
Oreopanax bogotensis,2200-2299,3600-3699
Oreopanax capitatus,1400-1499,3300-3399
Oreopanax discolor,1800-1899,3800-3899
Oreopanax ecuadorensis,2500-2599,3500-3599
Oreopanax grandifolius,500-599,2400-2499
Oreopanax incisus,1300-1399,3500-3599
Oreopanax palamophyllus,2200-2299,3300-3399
Oreopanax seemannianus,2200-2299,4000-4099
Ormosia coarctata,100-199,1200-1299
Orthaea glandulifera,1700-1799,1700-1799
Ossaea micrantha,200-299,3700-3799
Osteophloeum platyspermum,100-199,800-899
Otoba glycycarpa,300-399,1800-1899
Otoba gordoniifolia,100-199,2200-2299
Otoba novogranatensis,200-299,1900-1999
Otoba parvifolia,200-299,1800-1899
Ouratea amplifolia,300-399,700-799
Ouratea pendula,100-199,500-599
Oxandra espintana,100-199,1000-1099
Oxandra panamensis,300-399,300-399
Oxandra polyantha,500-599,500-599
Palicourea acanthacea,100-199,1300-1399
Palicourea acetosoides,400-499,2700-2799
Palicourea amethystina,1000-1099,3700-3799
Palicourea andaluciana,1500-1599,2700-2799
Palicourea andrei,1500-1599,2800-2899
Palicourea angustifolia,900-999,3300-3399
Palicourea apicata,1700-1799,3800-3899
Palicourea calophlebia,1400-1499,2400-2499
Palicourea cogolloi,1700-1799,3400-3499
Palicourea demissa,700-799,3400-3499
Palicourea garciae,700-799,3900-3999
Palicourea guianensis,100-199,1800-1899
Palicourea latifolia,600-699,1500-1599
Palicourea leuconeura,1300-1399,2400-2499
Palicourea lineata,2000-2099,3500-3599
Palicourea luteonivea,100-199,2200-2299
Palicourea lyristipula,700-799,3100-3199
Palicourea obovata,600-699,2400-2499
Palicourea palenquensis,200-299,2100-2199
Palicourea perquadrangularis,1500-1599,2600-2699
Palicourea pyramidalis,200-299,2700-2799
Palicourea rigidifolia,1900-1999,1900-1999
Palicourea sodiroi,900-999,2400-2499
Palicourea stipularis,400-499,3500-3599
Palicourea subscandens,1100-1199,2000-2099
Palicourea sulphurea,200-299,3400-3499
Palicourea thyrsiflora,600-699,3000-3099
Palicourea tinctoria,900-999,1600-1699
Palicourea weberbaueri,1500-1599,3600-3699
Panopsis megistosperma,500-599,1100-1199
Panopsis metcalfii,2300-2399,3000-3099
Panopsis mucronata,1600-1699,2500-2599
Panopsis pearcei,2500-2599,2500-2599
Panopsis polystachya,800-899,2900-2999
Panopsis rubescens,100-199,1400-1499
Panopsis suaveolens,1900-1999,2700-2799
Panopsis yolombo,2300-2399,3000-3099
Parathesis adenanthera,1100-1199,2000-2099
Parinari chocoensis,200-299,500-599
Parinari parilis,200-299,200-299
Passiflora arborea,900-999,3500-3599
Passiflora macrophylla,100-199,1800-1899
Paullinia capreolata,200-299,2000-2099
Pausandra trianae,100-199,600-699
Pentacalia disciformis,2200-2299,3400-3499
Pentacalia oronocensis,3300-3399,3300-3399
Pentacalia theifolia,2200-2299,3500-3599
Pentagonia clementinensis,100-199,1600-1699
Pentagonia grandiflora,100-199,1600-1699
Pentagonia macrophylla,100-199,1300-1399
Pentagonia williamsii,400-499,400-499
Peperomia elongata,100-199,2900-2999
Pera arborea,100-199,1400-1499
Pera glabrata,200-299,500-599
Pera tomentosa,200-299,600-699
Perebea angustifolia,100-199,1900-1999
Perebea guianensis,100-199,1300-1399
Perebea humilis,300-399,1000-1099
Perebea xanthochyma,100-199,1800-1899
Perrottetia sessiliflora,400-499,2200-2299
Persea americana,100-199,3000-3099
Persea areolatocostae,200-299,2500-2599
Persea caerulea,400-499,3200-3299
Persea chrysophylla,3400-3499,3400-3499
Persea cuneata,1100-1199,2800-2899
Persea fendleri,2200-2299,2300-2399
Persea ferruginea,3100-3199,3300-3399
Persea mutisii,1200-1299,3200-3299
Persea nudigemma,1400-1499,3000-3099
Persea peruviana,1600-1699,1600-1699
Persea povedae,500-599,1200-1299
Persea pseudofasciculata,200-299,2200-2299
Persea rigens,1000-1099,2700-2799
Persea sericea,2800-2899,2800-2899
Persea subcordata,2000-2099,2400-2499
Petrea pubescens,300-399,1200-1299
Phenakospermum guyannense,200-299,1500-1599
Pholidostachys dactyloides,100-199,1100-1199
Phyllanthus acuminatus,100-199,2000-2099
Phyllanthus attenuatus,100-199,2500-2599
Phyllanthus brasiliensis,100-199,400-499
Phytelephas aequatorialis,200-299,1300-1399
Phytolacca dioica,1700-1799,2400-2499
Picramnia latifolia,100-199,2500-2599
Picramnia sellowii,100-199,1500-1599
Picrolemma huberi,1800-1899,1800-1899
Pinus patula,1800-1899,3200-3299
Axinaea colombiana,3200-3299,3500-3599
Axinaea lehmannii,1200-1299,2900-2999
Axinaea macrophylla,1200-1299,3500-3599
Axinaea quitensis,2000-2099,3300-3399
Axinaea scutigera,1200-1299,3000-3099
Baccharis brachylaenoides,1100-1199,3000-3099
Baccharis latifolia,200-299,3800-3899
Baccharis oblongifolia,1100-1199,3500-3599
Bactris gasipaes,200-299,2200-2299
Bactris maraja,100-199,700-799
Bactris setulosa,200-299,1800-1899
Banara glauca,800-899,2200-2299
Banara guianensis,200-299,3100-3199
Banara ibaguensis,200-299,400-499
Banara regia,1300-1399,1600-1699
Barnadesia parviflora,1000-1099,3300-3399
Bathysa obovata,2100-2199,2100-2199
Batocarpus orinocensis,200-299,1800-1899
Bauhinia picta,300-399,2600-2699
Bauhinia tarapotensis,200-299,900-999
Beilschmiedia alloiophylla,100-199,2200-2299
Beilschmiedia costaricensis,800-899,3300-3399
Beilschmiedia pendula,900-999,2100-2199
Beilschmiedia sulcata,1300-1399,2500-2599
Beilschmiedia tovarensis,600-699,3000-3099
Bejaria aestuans,100-199,3500-3599
Bejaria resinosa,300-399,3600-3699
Bellucia grossularioides,100-199,2000-2099
Bellucia pentamera,100-199,1600-1699
Bertiera angustifolia,200-299,900-999
Besleria formosa,700-799,3300-3399
Billia rosea,200-299,3900-3999
Blakea cuatrecasii,1000-1099,2100-2199
Blakea eriocalyx,600-699,2200-2299
Blakea holtonii,2400-2499,2700-2799
Blakea multiflora,1500-1599,1500-1599
Piper aduncum,100-199,3000-3099
Piper amalago,700-799,3000-3099
Piper andreanum,1800-1899,3300-3399
Piper arboreum,100-199,1900-1999
Piper archeri,1800-1899,2700-2799
Piper artanthe,200-299,3300-3399
Piper augustum,100-199,2400-2499
Piper barbatum,1500-1599,3300-3399
Piper boquianum,1700-1799,1900-1999
Piper carpunya,100-199,2700-2799
Piper cernuum,200-299,2300-2399
Piper crassinervium,100-199,3200-3299
Piper daniel-gonzalezii,1800-1899,2600-2699
Piper divulgatum,100-199,100-199
Piper ecuadorense,2100-2199,3200-3299
Piper glanduligerum,600-699,2200-2299
Piper gorgonillense,100-199,1600-1699
Piper grande,100-199,2300-2399
Piper hylophilum,200-299,1200-1299
Piper imperiale,100-199,2000-2099
Piper lacunosum,700-799,3300-3399
Piper longispicum,900-999,2000-2099
Piper marequitense,1200-1299,2000-2099
Piper nubigenum,300-399,3300-3399
Piper obliquum,100-199,2200-2299
Piper perareolatum,1300-1399,2100-2199
Piper phytolaccifolium,200-299,1300-1399
Piper reticulatum,100-199,1100-1199
Piper scobinifolium,1500-1599,2300-2399
Piper tuberculatum,200-299,2100-2199
Piptocoma discolor,200-299,3300-3399
Pisonia aculeata,100-199,1100-1199
Pithecellobium dulce,200-299,1500-1599
Platymiscium hebestachyum,200-299,500-599
Platymiscium pinnatum,200-299,1300-1399
Platymiscium stipulare,200-299,1900-1999
Platypodium elegans,300-399,500-599
Pleuranthodendron lindenii,100-199,900-999
Pleurothyrium cuneifolium,600-699,1900-1999
Pleurothyrium glabrifolium,1800-1899,1800-1899
Pleurothyrium glabritepalum,100-199,200-299
Pleurothyrium parviflorum,200-299,200-299
Pleurothyrium poeppigii,800-899,800-899
Pleurothyrium trianae,200-299,800-899
Plumeria rubra,1100-1199,1800-1899
Podocarpus guatemalensis,1800-1899,2600-2699
Podocarpus oleifolius,1500-1599,3500-3599
Poeppigia procera,300-399,300-399
Polybotrya polybotryoides,200-299,2000-2099
Polylepis pauta,3300-3399,3900-3999
Posoqueria chocoana,500-599,1800-1899
Posoqueria coriacea,100-199,2700-2799
Posoqueria latifolia,100-199,2500-2599
Potalia amara,100-199,900-999
Poulsenia armata,100-199,1800-1899
Pourouma bicolor,100-199,1800-1899
Pourouma cecropiifolia,100-199,1400-1499
Pourouma cuspidata,200-299,200-299
Pourouma guianensis,100-199,1700-1799
Pourouma hirsutipetiolata,100-199,500-599
Pourouma melinonii,700-799,700-799
Pourouma minor,100-199,1300-1399
Pourouma mollis,200-299,600-699
Pouteria baehniana,200-299,2100-2199
Pouteria bangii,100-199,500-599
Pouteria bilocularis,200-299,1100-1199
Pouteria buenaventurensis,200-299,1800-1899
Pouteria caimito,100-199,1800-1899
Pouteria campanulata,200-299,800-899
Pouteria cuspidata,100-199,1500-1599
Pouteria durlandii,500-599,500-599
Pouteria egregia,200-299,200-299
Pouteria gigantea,200-299,200-299
Pouteria glomerata,200-299,1000-1099
Pouteria guianensis,200-299,200-299
Pouteria juruana,200-299,200-299
Pouteria lucuma,200-299,2200-2299
Pouteria macrocarpa,400-499,500-599
Pouteria macrophylla,1700-1799,1700-1799
Pouteria multiflora,200-299,2000-2099
Pouteria oblanceolata,200-299,400-499
Pouteria reticulata,100-199,1000-1099
Pouteria sapota,500-599,1200-1299
Pouteria subrotata,300-399,1200-1299
Pouteria torta,200-299,4000-4099
Pouteria trilocularis,300-399,1800-1899
Pouteria vernicosa,300-399,600-699
Praecereus euchlorus,300-399,600-699
Prestoea acuminata,500-599,3000-3099
Prestoea decurrens,200-299,1700-1799
Prestoea ensiformis,200-299,2000-2099
Prionostemma asperum,200-299,400-499
Protium altsonii,200-299,200-299
Protium amazonicum,100-199,1300-1399
Protium amplum,200-299,1800-1899
Protium apiculatum,100-199,1800-1899
Protium aracouchini,200-299,1400-1499
Protium colombianum,300-399,1000-1099
Protium divaricatum,200-299,500-599
Protium ecuadorense,100-199,1800-1899
Protium glabrescens,100-199,900-999
Protium guianense,200-299,900-999
Protium hebetatum,100-199,300-399
Protium laxiflorum,200-299,400-499
Protium macrophyllum,400-499,1200-1299
Protium opacum,200-299,1400-1499
Protium sagotianum,100-199,700-799
Protium spruceanum,200-299,1000-1099
Protium subserratum,200-299,1000-1099
Protium tenuifolium,200-299,1200-1299
Protium tovarense,1900-1999,2500-2599
Protium unifoliolatum,100-199,1100-1199
Prumnopitys harmsiana,2600-2699,2600-2699
Prumnopitys montana,100-199,3200-3299
Prunus debilis,300-399,2600-2699
Prunus falcata,2800-2899,3400-3499
Prunus huantensis,1700-1799,3300-3399
Prunus integrifolia,1200-1299,3400-3499
Prunus muris,1900-1999,2900-2999
Prunus ocellata,200-299,1000-1099
Prunus opaca,1600-1699,3400-3499
Prunus subcorymbosa,1300-1399,2800-2899
Prunus urotaenia,1900-1999,3000-3099
Psammisia graebneriana,2100-2199,3700-3799
Psammisia macrophylla,900-999,3400-3499
Pseudobombax septenatum,500-599,1700-1799
Pseudolmedia laevigata,100-199,1900-1999
Pseudolmedia laevis,200-299,1400-1499
Pseudolmedia macrophylla,400-499,1000-1099
Pseudolmedia rigida,100-199,2100-2199
Psidium cattleyanum,200-299,2600-2699
Psidium guineense,200-299,3000-3099
Psychotria biaristata,200-299,200-299
Psychotria brachiata,200-299,2000-2099
Psychotria capitata,200-299,1600-1699
Psychotria cauligera,2800-2899,2800-2899
Psychotria ernestii,200-299,300-399
Psychotria fortuita,1300-1399,2600-2699
Psychotria grandis,100-199,1000-1099
Psychotria horizontalis,100-199,1200-1299
Psychotria micrantha,100-199,2100-2199
Psychotria montivaga,500-599,2000-2099
Psychotria officinalis,200-299,1700-1799
Psychotria panamensis,300-399,1900-1999
Psychotria pichisensis,200-299,300-399
Psychotria remota,100-199,1400-1499
Psychotria saltatrix,500-599,2000-2099
Pterocarpus acapulcensis,400-499,400-499
Pterocarpus officinalis,300-399,300-399
Pterocarpus rohrii,200-299,800-899
Pterogyne nitens,200-299,900-999
Purdiaea nutans,1300-1399,1300-1399
Quadrella odoratissima,200-299,3300-3399
Qualea lineata,1300-1399,1300-1399
Qualea paraensis,100-199,1300-1399
Quararibea grandifolia,100-199,600-699
Quararibea wittii,300-399,300-399
Quercus humboldtii,800-899,3100-3199
Quiina amazonica,300-399,1100-1199
Quiina cruegeriana,200-299,1300-1399
Quiina florida,200-299,800-899
Quiina macrophylla,100-199,1200-1299
Quiina obovata,500-599,500-599
Quiina pteridophylla,300-399,1600-1699
Randia armata,100-199,2800-2899
Randia ferox,200-299,2000-2099
Randia hondensis,600-699,600-699
Rauvolfia leptophylla,100-199,1100-1199
Rauvolfia sprucei,200-299,500-599
Ravenia biramosa,300-399,700-799
Retiniphyllum concolor,100-199,600-699
Retrophyllum rospigliosii,600-699,3800-3899
Rhamnidium elaeocarpum,200-299,200-299
Rhodostemonodaphne cyclops,1700-1799,1700-1799
Rhodostemonodaphne grandis,800-899,1300-1399
Rhodostemonodaphne kunthiana,100-199,2000-2099
Rhodostemonodaphne laxa,1900-1999,3000-3099
Richeria dressleri,300-399,300-399
Richeria grandis,100-199,1800-1899
Rinorea lindeniana,100-199,1200-1299
Rinorea paniculata,100-199,300-399
Rinorea pubiflora,100-199,600-699
Rinorea viridifolia,100-199,700-799
Rinoreocarpus ulei,200-299,400-499
Ronabea latifolia,100-199,1100-1199
Roucheria columbiana,100-199,600-699
Roucheria laxiflora,300-399,300-399
Roupala cordifolia,2300-2399,2300-2399
Roupala monosperma,900-999,3000-3099
Roupala montana,200-299,2800-2899
Ruagea glabra,200-299,3200-3299
Ruagea hirsuta,2000-2099,3300-3399
Ruagea pubescens,1700-1799,3000-3099
Ruagea tomentosa,1400-1499,2500-2599
Rudgea cornifolia,100-199,2300-2399
Rudgea sclerocalyx,1200-1299,2400-2499
Rudgea verticillata,400-499,2100-2199
Ruprechtia tenuiflora,200-299,300-399
Rustia occidentalis,200-299,200-299
Ryania spruceana,200-299,300-399
Salacia cordata,200-299,2000-2099
Sambucus nigra,200-299,3100-3199
Sambucus peruviana,900-999,2600-2699
Sapindus saponaria,200-299,2300-2399
Sapium glandulosum,100-199,3900-3999
Sapium laurifolium,100-199,1800-1899
Sapium marmieri,200-299,1000-1099
Sapium stylare,100-199,3100-3199
Saracha punctata,2800-2899,3600-3699
Sarcaulus brasiliensis,100-199,900-999
Saurauia biserrata,1800-1899,1800-1899
Saurauia brachybotrys,300-399,3400-3499
Saurauia bullosa,1600-1699,3600-3699
Saurauia cuatrecasana,900-999,3600-3699
Saurauia herthae,500-599,1900-1999
Saurauia laevigata,1400-1499,1400-1499
Saurauia peruviana,3000-3099,3000-3099
Saurauia prainiana,700-799,3000-3099
Saurauia pseudostrigillosa,1300-1399,2500-2599
Saurauia scabra,800-899,3500-3599
Saurauia stapfiana,1300-1399,2600-2699
Saurauia tomentosa,1200-1299,3200-3299
Saurauia ursina,1500-1599,3500-3599
Schefflera bejucosa,3200-3299,3200-3299
Schefflera bogotensis,2500-2599,3900-3999
Schefflera minutiflora,1300-1399,1300-1399
Schefflera sodiroi,2100-2199,3000-3099
Schizocalyx bracteosa,100-199,2300-2399
Schizocalyx obovatus ,800-899,2100-2199
Schizolobium parahyba,300-399,900-999
Schnella glabra,200-299,700-799
Sebastiania brasiliensis,400-499,400-499
Seguieria americana,200-299,200-299
Senegalia polyphylla,200-299,1900-1999
Senegalia riparia,200-299,3300-3399
Senna bacillaris,100-199,1700-1799
Senna ruiziana,500-599,1500-1599
Senna silvestris,100-199,1100-1199
Senna spectabilis,200-299,1600-1699
Sessea vestita,2300-2399,3200-3299
Sideroxylon obtusifolium,300-399,300-399
Simaba guianensis,100-199,300-399
Simarouba amara,100-199,1500-1599
Simira cordifolia,200-299,1400-1499
Simira rubescens,200-299,1300-1399
Siparuna aspera,500-599,3200-3299
Siparuna cervicornis,100-199,900-999
Siparuna conica,100-199,2000-2099
Siparuna decipiens,200-299,1700-1799
Siparuna echinata,400-499,3300-3399
Siparuna eggersii,100-199,1800-1899
Siparuna gigantotepala,200-299,1900-1999
Siparuna guianensis,100-199,1400-1499
Siparuna laurifolia,300-399,2900-2999
Siparuna lepidota,100-199,3000-3099
Siparuna mutisii,100-199,2700-2799
Siparuna piloso-lepidota,1600-1699,3100-3199
Siparuna thecaphora,100-199,2900-2999
Siphoneugena densiflora,900-999,1400-1499
Sisyrinchium micranthum,1000-1099,3300-3399
Sloanea brevipes,100-199,400-499
Sloanea brevispina,800-899,2300-2399
Sloanea durissima,800-899,800-899
Sloanea eichleri,200-299,300-399
Sloanea fragrans,200-299,1800-1899
Sloanea guianensis,200-299,2000-2099
Sloanea laxiflora,100-199,100-199
Sloanea medusula,700-799,700-799
Sloanea multiflora,200-299,1600-1699
Sloanea parvifructa,300-399,300-399
Sloanea pubescens,200-299,1100-1199
Sloanea rufa,200-299,600-699
Sloanea tuerckheimii,200-299,1900-1999
Socratea exorrhiza,100-199,2200-2299
Socratea rostrata,700-799,2100-2199
Solanum anceps,200-299,2600-2699
Solanum aphyodendron,400-499,3500-3599
Solanum arboreum,200-299,2100-2199
Solanum asperolanatum,100-199,3500-3599
Solanum confertiseriatum,100-199,1800-1899
Solanum cucullatum,200-299,2900-2999
Solanum hypaleurotrichum,700-799,3700-3799
Solanum lepidotum,100-199,2400-2499
Solanum microleprodes,1400-1499,1400-1499
Solanum nutans,1200-1299,3100-3199
Solanum oblongifolium,300-399,3400-3499
Solanum sessile,200-299,2000-2099
Solanum umbellatum,100-199,2100-2199
Sorocea affinis,200-299,200-299
Sorocea guilleminiana,100-199,500-599
Sorocea jaramilloi,100-199,1700-1799
Sorocea pubivena,100-199,1500-1599
Sorocea sarcocarpa,100-199,500-599
Sorocea sprucei,100-199,1300-1399
Sorocea steinbachii,200-299,1300-1399
Sorocea trophoides,400-499,2000-2099
Sphaeropteris quindiuensis,1400-1499,2900-2999
Spirotheca awadendron,200-299,1500-1599
Spirotheca rosea,1000-1099,2500-2599
Spondias mombin,200-299,1200-1299
Staphylea occidentalis,100-199,3300-3399
Stenostomum acreanum,200-299,400-499
Stephanopodium angulatum,1200-1299,2400-2499
Stephanopodium aptotum,1700-1799,1700-1799
Sterculia apetala,200-299,1300-1399
Sterculia colombiana,200-299,1100-1199
Blakea quadrangularis,1000-1099,2000-2099
Blakea rotundifolia,700-799,2300-2399
Bocconia frutescens,400-499,3300-3399
Bocconia integrifolia,500-599,3400-3499
Boehmeria caudata,600-699,3100-3199
Boehmeria ulmifolia,900-999,3200-3299
Bomarea multiflora,1300-1399,3900-3999
Bonamia trichantha,200-299,1800-1899
Brachyotum gleasonii,3200-3299,3200-3299
Brosimum alicastrum,100-199,1300-1399
Brosimum guianense,100-199,2800-2899
Brosimum lactescens,100-199,1800-1899
Brosimum rubescens,100-199,600-699
Brosimum utile,100-199,2000-2099
Brownea multijuga,100-199,700-799
Brownea rosa-de-monte,400-499,2000-2099
Browneopsis macrofoliolata,800-899,800-899
Brunellia acostae,600-699,2700-2799
Brunellia boqueronensis,1800-1899,1800-1899
Brunellia comocladifolia,1200-1299,3000-3099
Brunellia dulcis,2000-2099,2800-2899
Brunellia littlei,1200-1299,3000-3099
Brunellia sibundoya,1100-1199,2700-2799
Brunellia stenoptera,1400-1499,1400-1499
Brunellia subsessilis,1900-1999,1900-1999
Brunellia tomentosa,2100-2199,3500-3599
Brunellia trianae,2500-2599,2500-2599
Bucquetia glutinosa,300-399,3700-3799
Sterculia frondosa,200-299,700-799
Sterculia pruriens,200-299,200-299
Sterculia tessmannii,700-799,900-999
Sterigmapetalum colombianum,500-599,500-599
Strychnos guianensis,200-299,300-399
Strychnos toxifera,100-199,1200-1299
Stryphnodendron microstachyum,100-199,500-599
Styloceras laurifolium,2100-2199,3300-3399
Stylogyne ardisioides,100-199,1700-1799
Stylogyne longifolia,100-199,2100-2199
Stylogyne turbacensis,100-199,2300-2399
Styphnolobium sporadicum,200-299,200-299
Styrax davillifolius,2800-2899,2800-2899
Styrax glabratus,2800-2899,2800-2899
Styrax heterotrichus,1500-1599,2000-2099
Styrax pavonii,200-299,3100-3199
Styrax pentlandianus,1800-1899,1800-1899
Swartzia amplifolia,300-399,400-499
Swartzia haughtii,100-199,700-799
Swartzia macrophylla,1100-1199,1200-1299
Swartzia myrtifolia,200-299,1400-1499
Swartzia oraria,100-199,500-599
Swartzia robiniifolia,200-299,1200-1299
Swartzia schultesii,200-299,500-599
Swartzia simplex,200-299,1200-1299
Symbolanthus pterocalyx,2400-2499,2400-2499
Symphonia globulifera,100-199,1800-1899
Symplocos bogotensis,2200-2299,3000-3099
Symplocos carmencitae,2700-2799,3000-3099
Symplocos fimbriata,2600-2699,3600-3699
Symplocos flosfragrans,2300-2399,3200-3299
Symplocos fuliginosa,1800-1899,2100-2199
Symplocos fuscata,2700-2799,2700-2799
Symplocos quindiuensis,1700-1799,3100-3199
Symplocos quitensis,1700-1799,3600-3699
Symplocos reflexa,3000-3099,3000-3099
Symplocos subandina,2300-2399,2500-2599
Symplocos theiformis,2300-2399,3600-3699
Tabebuia ochracea,200-299,400-499
Tabebuia rosea,200-299,1900-1999
Tabebuia serratifolia,300-399,300-399
Tabernaemontana columbiensis,100-199,1500-1599
Tabernaemontana cymosa,1300-1399,1300-1399
Tabernaemontana grandiflora,200-299,3400-3499
Tabernaemontana markgrafiana,200-299,1900-1999
Tabernaemontana sananho,100-199,1800-1899
Tachia parviflora,300-399,1500-1599
Tachigali setifera,500-599,500-599
Talisia bullata,100-199,1700-1799
Talisia cerasina,100-199,1800-1899
Talisia macrophylla,100-199,1800-1899
Talisia nervosa,100-199,100-199
Tapirira guianensis,100-199,2000-2099
Tapirira obtusa,100-199,1100-1199
Tapirira rubrinervis,500-599,1000-1099
Tapura colombiana,2200-2299,2400-2499
Tapura guianensis,100-199,1600-1699
Tapura peruviana,100-199,1000-1099
Terminalia amazonia,100-199,1500-1599
Terminalia oblonga,300-399,300-399
Terminalia tetraphylla,100-199,700-799
Ternstroemia globiflora,2800-2899,2800-2899
Ternstroemia macrocarpa,1800-1899,3900-3999
Ternstroemia meridionalis,1700-1799,3500-3599
Tessaria integrifolia,200-299,3500-3599
Tetragastris altissima,100-199,200-299
Tetragastris panamensis,100-199,1600-1699
Tetrathylacium johansenii,1500-1599,1500-1599
Tetrathylacium macrophyllum,100-199,2100-2199
Tetrorchidium andinum,200-299,2400-2499
Tetrorchidium euryphyllum,600-699,2900-2999
Tetrorchidium macrophyllum,100-199,2600-2699
Tetrorchidium rubrivenium,400-499,2700-2799
Theobroma bicolor,200-299,1200-1299
Theobroma cacao,100-199,1600-1699
Theobroma gileri,100-199,700-799
Theobroma glaucum,200-299,1200-1299
Theobroma speciosum,200-299,500-599
Theobroma subincanum,100-199,1400-1499
Tocoyena pittieri,200-299,2200-2299
Tournefortia cuspidata,200-299,900-999
Tournefortia fuliginosa,1000-1099,3300-3399
Tournefortia scabrida,800-899,3400-3499
Tovomita choisyana,200-299,500-599
Tovomita spruceana,100-199,600-699
Tovomita stylosa,300-399,2200-2299
Toxicodendron striatum,1000-1099,3300-3399
Trattinnickia aspera,200-299,700-799
Trattinnickia burserifolia,100-199,800-899
Trattinnickia lawrancei,300-399,300-399
Trema integerrima,300-399,800-899
Trema micrantha,100-199,3000-3099
Trichilia cipo,300-399,900-999
Trichilia elegans,200-299,1200-1299
Trichilia hirta,100-199,3000-3099
Trichilia inaequilatera,200-299,1000-1099
Trichilia martiana,100-199,2100-2199
Trichilia maynasiana,200-299,500-599
Trichilia micrantha,200-299,1400-1499
Trichilia moschata,2800-2899,2800-2899
Trichilia pallida,100-199,2500-2599
Trichilia pleeana,100-199,800-899
Trichilia poeppigii,100-199,300-399
Trichilia primogenita,300-399,1100-1199
Trichilia quadrijuga,100-199,1400-1499
Trichilia rubra,200-299,1000-1099
Trichilia schomburgkii,400-499,1200-1299
Trichilia septentrionalis,100-199,1700-1799
Trichilia stipitata,1500-1599,1500-1599
Trichilia surinamensis,100-199,800-899
Trichospermum galeottii,100-199,1100-1199
Triplaris americana,100-199,1100-1199
Triplaris cumingiana,100-199,500-599
Trophis racemosa,200-299,1300-1399
Turpinia heterophylla,2800-2899,2800-2899
Ulex europaeus,900-999,3500-3599
Unonopsis guatterioides,100-199,800-899
Unonopsis pacifica,200-299,200-299
Unonopsis spectabilis,800-899,900-999
Urera baccifera,100-199,3000-3099
Urera caracasana,200-299,2100-2199
Urera simplex,200-299,2600-2699
Vachellia macracantha,300-399,2300-2399
Vallea ecuadorensis,2600-2699,2800-2899
Vallea stipularis,300-399,3800-3899
Varronia cylindrostachya,200-299,3300-3399
Vasconcellea goudotiana,300-399,3200-3299
Vasconcellea microcarpa,100-199,2500-2599
Vasconcellea pubescens,100-199,3000-3099
Verbesina arborea,1400-1499,3200-3299
Verbesina latisquama,3000-3099,3000-3099
Verbesina lloensis,1700-1799,3200-3299
Verbesina nudipes,800-899,3600-3699
Vernonanthura patens,200-299,3000-3099
Viburnum anabaptista,1800-1899,1800-1899
Viburnum antioquiense,2700-2799,2700-2799
Viburnum ayavacense,1600-1699,1600-1699
Viburnum hallii,700-799,3500-3599
Viburnum lasiophyllum,1200-1299,3400-3499
Viburnum pichinchense,2000-2099,3500-3599
Viburnum reticulatum,2700-2799,2700-2799
Viburnum tinoides,1400-1499,3300-3399
Viburnum toronis,800-899,3300-3399
Viburnum triphyllum,1700-1799,3800-3899
Viburnum undulatum,2300-2399,2300-2399
Virola calophylla,100-199,900-999
Virola dixonii,100-199,800-899
Virola duckei,100-199,800-899
Virola elongata,100-199,1400-1499
Virola flexuosa,200-299,500-599
Virola loretensis,200-299,300-399
Virola macrocarpa,200-299,1100-1199
Virola mollissima,200-299,500-599
Virola pavonis,100-199,1300-1399
Virola reidii,100-199,900-999
Virola sebifera,100-199,1800-1899
Vismia baccifera,100-199,3500-3599
Vismia cayennensis,100-199,1200-1299
Vismia gracilis,100-199,1300-1399
Vismia guianensis,100-199,2400-2499
Vismia laevis,1100-1199,1500-1599
Vismia lateriflora,200-299,1800-1899
Vismia lauriformis,400-499,2300-2399
Vismia macrophylla,100-199,1900-1999
Vismia mandurr,400-499,2500-2599
Vismia pozuzoensis,200-299,1400-1499
Vismia sprucei,200-299,500-599
Vismia tomentosa,200-299,1300-1399
Vitex capitata,300-399,300-399
Vitex compressa,200-299,1100-1199
Vitex cymosa,200-299,300-399
Vitex triflora,200-299,1100-1199
Vochysia duquei,1600-1699,2000-2099
Vochysia ferruginea,200-299,1300-1399
Vochysia lehmannii,200-299,800-899
Vochysia megalantha,1700-1799,2200-2299
Warszewiczia coccinea,100-199,2600-2699
Weinmannia auriculata,1800-1899,3700-3799
Weinmannia cochensis,2800-2899,3900-3999
Weinmannia elliptica,1800-1899,3500-3599
Weinmannia fagaroides,2500-2599,3900-3999
Weinmannia latifolia,1000-1099,3000-3099
Weinmannia lentiscifolia,1500-1599,3700-3799
Weinmannia mariquitae,2500-2599,3700-3799
Weinmannia microphylla,3100-3199,3200-3299
Weinmannia multijuga,1300-1399,3200-3299
Weinmannia ovata,2300-2399,2300-2399
Weinmannia pinnata,700-799,3600-3699
Weinmannia polyphylla,2100-2199,2200-2299
Weinmannia pubescens,1200-1299,3300-3399
Weinmannia reticulata,1200-1299,3700-3799
Weinmannia rollottii,1200-1299,3700-3799
Weinmannia sorbifolia,1200-1299,3900-3999
Weinmannia subsessiliflora,1800-1899,2100-2199
Weinmannia tomentosa,300-399,3900-3999
Wettinia fascicularis,200-299,2000-2099
Wettinia kalbreyeri,500-599,2200-2299
Wettinia oxycarpa,300-399,2500-2599
Wettinia praemorsa,200-299,2100-2199
Wettinia quinaria,100-199,3900-3999
Witheringia coccoloboides,200-299,3100-3199
Wittmackanthus stanleyanus,200-299,500-599
Xanthosoma sagittifolium,200-299,1900-1999
Xylopia amazonica,100-199,400-499
Xylopia aromatica,100-199,1400-1499
Xylopia cuspidata,200-299,400-499
Xylopia discreta,100-199,100-199
Xylopia emarginata,100-199,600-699
Xylopia frutescens,300-399,300-399
Xylopia polyantha,300-399,400-499
Xylopia sericea,100-199,200-299
Zanthoxylum acuminatum,900-999,1500-1599
Zanthoxylum fagara,300-399,3000-3099
Zanthoxylum formiciferum,900-999,2200-2299
Zanthoxylum lenticulare,900-999,2700-2799
Zanthoxylum melanostictum,1800-1899,2900-2999
Zanthoxylum pucro,1800-1899,1800-1899
Zanthoxylum quinduense,900-999,3700-3799
Zanthoxylum rhoifolium,200-299,2500-2599
Zanthoxylum rigidum,200-299,2600-2699
Zanthoxylum sprucei,1800-1899,1800-1899
Zinowiewia australis,800-899,2600-2699
Zygia lathetica,200-299,200-299
Zygia latifolia,200-299,1400-1499
Zygia picramnioides,1600-1699,1600-1699
Bunchosia argentea,200-299,2000-2099
Bunchosia armeniaca,200-299,2500-2599
Bunchosia diphylla,400-499,400-499
Bunchosia pseudonitida,200-299,1500-1599
Bursera graveolens,400-499,1600-1699
Bursera simaruba,200-299,400-499
Byrsonima arthropoda,200-299,200-299
Byrsonima garcibarrigae,200-299,800-899
Byrsonima poeppigiana,200-299,700-799
Byrsonima spicata,100-199,400-499
Cabralea canjerana,200-299,1400-1499
Calatola costaricensis,100-199,2400-2499
Calliandra magdalenae,200-299,1100-1199
Calliandra purdiei,200-299,1300-1399
Calliandra riparia,200-299,2600-2699
Calophyllum brasiliense,100-199,2100-2199
Calycolpus moritzianus,600-699,2600-2699
Calycophyllum multiflorum,200-299,400-499
Calycophyllum spruceanum,200-299,1100-1199
Campomanesia speciosa,300-399,300-399
Capirona decorticans,100-199,400-499
Capparidastrum petiolare,300-399,300-399
Carapa alticola,500-599,1300-1399
Carapa megistocarpa,400-499,1900-1999
Cariniana pyriformis,200-299,300-399
Caryocar amygdaliferum,400-499,400-499
Caryocar glabrum,100-199,1400-1499
Caryodaphnopsis theobromifolia,100-199,2800-2899
Caryodendron orinocense,100-199,1500-1599
Casearia aculeata,100-199,2100-2199
Casearia arborea,200-299,2000-2099
Casearia cajambrensis,700-799,1600-1699
Casearia combaymensis,200-299,1000-1099
Casearia decandra,700-799,2000-2099
Casearia fasciculata,100-199,1100-1199
Casearia grandiflora,100-199,1100-1199
Casearia mariquitensis,100-199,2600-2699
Casearia megacarpa,500-599,2300-2399
Casearia prunifolia,100-199,2800-2899
Casearia quinduensis,600-699,2600-2699
Casearia sylvestris,100-199,2000-2099
Casearia tachirensis,1800-1899,2600-2699
Casearia ulmifolia,100-199,1100-1199
Casearia zahlbruckneri,1700-1799,2100-2199
Cassia moschata,200-299,1100-1199
Cassipourea guianensis,100-199,1000-1099
Castilla elastica,100-199,1400-1499
Castilla tunu,100-199,500-599
Castilla ulei,300-399,600-699
Cathedra acuminata,200-299,200-299
Cavendishia bracteata,900-999,3800-3899
Cavendishia compacta,200-299,1900-1999
Cavendishia guatapeensis,2300-2399,2500-2599
Cavendishia pubescens,1000-1099,3200-3299
Cecropia albicans,900-999,900-999
Cecropia andina,1300-1399,2200-2299
Cecropia angustifolia,900-999,2800-2899
Cecropia bullata,1700-1799,2100-2199
Cecropia engleriana,100-199,1100-1199
Cecropia gabrielis,1200-1299,1900-1999
Cecropia hispidissima,400-499,1500-1599
Cecropia insignis,100-199,900-999
Cecropia membranacea,200-299,1600-1699
Cecropia montana,200-299,700-799
Cecropia obtusifolia,200-299,2000-2099
Cecropia peltata,100-199,1900-1999
Cecropia reticulata,200-299,1900-1999
Cecropia sciadophylla,200-299,1400-1499
Cecropia telenitida,1200-1299,2500-2599
Cedrela fissilis,1900-1999,1900-1999
Cedrela montana,600-699,3400-3499
Cedrela odorata,100-199,2400-2499
Cedrelinga cateniformis,100-199,900-999
Ceiba pentandra,100-199,1500-1599
Ceiba samauma,300-399,300-399
Ceiba speciosa,1500-1599,2100-2199
Ceiba trischistandra,900-999,900-999
Celtis iguanaea,200-299,1500-1599
Celtis schippii,100-199,1300-1399
Centronia laurifolia,1100-1199,1400-1499
Ceroxylon echinulatum,1600-1699,1600-1699
Ceroxylon parvifrons,2300-2399,3100-3199
Ceroxylon quindiuense,1900-1999,3400-3499
Ceroxylon vogelianum,2200-2299,2900-2999
Cespedesia spathulata,100-199,2600-2699
Cestrum cuneifolium,2000-2099,2900-2999
Cestrum humboldtii,1100-1199,3400-3499
Cestrum megalophyllum,100-199,2700-2799
Cestrum ochraceum,1200-1299,3700-3799
Cestrum peruvianum,2000-2099,3300-3399
Cestrum petiolare,2600-2699,3300-3399
Cestrum racemosum,200-299,3100-3199
Chamaedorea allenii,600-699,700-799
Chamaedorea linearis,300-399,3200-3299
Chamaedorea pinnatifrons,200-299,3100-3199
Cheiloclinium cognatum,100-199,1100-1199
Chimarrhis hookeri,200-299,800-899
Chlorocardium venenosum,300-399,1000-1099
Chloroleucon mangense,300-399,2600-2699
Chomelia spinosa,200-299,1300-1399
Chomelia tenuiflora,100-199,1000-1099
Chrysochlamys bracteolata,100-199,2300-2399
Chrysochlamys colombiana,900-999,3500-3599
Chrysochlamys dependens,100-199,2000-2099
Chrysochlamys macrophylla,500-599,1400-1499
Chrysochlamys membranacea,200-299,1900-1999
Chrysochlamys nicaraguensis,100-199,2700-2799
Chrysochlamys ulei,300-399,1400-1499
Chrysochlamys weberbaueri,100-199,1400-1499
Chrysophyllum amazonicum,200-299,300-399
Chrysophyllum argenteum,100-199,1400-1499
Chrysophyllum cainito,200-299,1500-1599
Chrysophyllum colombianum,200-299,1500-1599
Chrysophyllum lucentifolium,200-299,1400-1499
Chrysophyllum manaosense,100-199,700-799
Chrysophyllum prieurii,100-199,600-699
